,index,tmean0,tmean1,tmean2,tmean3,tmax0,tmax1,tmax2,tmax3,tmin0,tmin1,tmin2,tdi0,tdi1,tdi2,tdi3,tdi4,tdi5,mean_rainfall0,rh0,rh1,rh2,rh3,rh4,rh5,nino0,nino1,nino2,nino3,nino4,nino5,act0,bre0,dengue,month,eip,year,population,dengue_per
0,2006-06-30,25.408499876658123,26.3662902462867,27.19883337020874,26.32209667082756,29.36433350245158,30.658870973894672,31.96633332570394,31.427096736046572,21.45266669591268,22.073548347719253,22.431833267211918,7.9116668065389,8.585322626175419,9.534500058492023,10.21161288599814,11.842857207570756,10.349677285840434,463.6305277138948,88.53928,86.995255,82.13324,74.83933,61.47582,69.7459,27.73,27.85,27.5,26.57,26.08,25.63,7,17,70.0,6,11.988254426020431,2006,33452536,0.20925169918358358
1,2006-07-31,24.717258114968576,25.408499876658123,26.3662902462867,27.19883337020874,28.22693557123984,29.36433350245158,30.658870973894672,31.96633332570394,21.205806609122984,21.45266669591268,22.073548347719253,7.021128962116856,7.9116668065389,8.585322626175419,9.534500058492023,10.21161288599814,11.842857207570756,563.6014012333751,88.61781,88.53928,86.995255,82.13324,74.83933,61.47582,27.3,27.73,27.85,27.5,26.57,26.08,12,16,133.0,7,11.181121827217677,2006,33452536,0.3975782284488088
2,2006-08-31,24.735806372857866,24.717258114968576,25.408499876658123,26.3662902462867,28.502580642700195,28.22693557123984,29.36433350245158,30.658870973894672,20.96951604658557,21.205806609122984,21.45266669591268,7.53306459611462,7.021128962116856,7.9116668065389,8.585322626175419,9.534500058492023,10.21161288599814,355.9622868362069,88.93809,88.61781,88.53928,86.995255,82.13324,74.83933,27.16,27.3,27.73,27.85,27.5,26.57,14,8,145.0,8,11.946208926159807,2006,33452536,0.4334499483088517
3,2006-09-30,24.6366668065389,24.735806372857866,24.717258114968576,25.408499876658123,28.307999992370604,28.502580642700195,28.22693557123984,29.36433350245158,20.965333398183187,20.96951604658557,21.205806609122984,7.342666594187419,7.53306459611462,7.021128962116856,7.9116668065389,8.585322626175419,9.534500058492023,394.3894859530032,88.85565,88.93809,88.61781,88.53928,86.995255,82.13324,27.32,27.16,27.3,27.73,27.85,27.5,14,6,105.0,9,12.89137286849821,2006,33452536,0.3138775487753753
4,2006-10-31,24.80774187272595,24.6366668065389,24.735806372857866,24.717258114968576,28.74967744273524,28.307999992370604,28.502580642700195,28.22693557123984,20.86596762749457,20.965333398183187,20.96951604658557,7.8837098152406755,7.342666594187419,7.53306459611462,7.021128962116856,7.9116668065389,8.585322626175419,338.08322495758534,88.95127,88.85565,88.93809,88.61781,88.53928,86.995255,27.41,27.32,27.16,27.3,27.73,27.85,0,0,116.0,10,13.619628684232678,2006,33452536,0.34675995864708137
5,2006-11-30,24.35933335622152,24.80774187272595,24.6366668065389,24.735806372857866,28.291500027974447,28.74967744273524,28.307999992370604,28.502580642700195,20.42600008646647,20.86596762749457,20.965333398183187,7.865499941507975,7.8837098152406755,7.342666594187419,7.53306459611462,7.021128962116856,7.9116668065389,223.4727557235956,87.00772,88.95127,88.85565,88.93809,88.61781,88.53928,27.69,27.41,27.32,27.16,27.3,27.73,0,0,83.0,11,13.59956016363118,2006,33452536,0.24811272903196338
6,2006-12-31,24.11903224452849,24.35933335622152,24.80774187272595,24.6366668065389,29.34322581752654,28.291500027974447,28.74967744273524,28.307999992370604,18.89451620655675,20.42600008646647,20.86596762749457,10.44870961096979,7.865499941507975,7.8837098152406755,7.342666594187419,7.53306459611462,7.021128962116856,4.007176026850939,69.693565,87.00772,88.95127,88.85565,88.93809,88.61781,27.74,27.69,27.41,27.32,27.16,27.3,0,0,63.0,12,13.707169907304696,2006,33452536,0.18832652926522522
7,2007-01-31,24.2814516252087,24.11903224452849,24.35933335622152,24.80774187272595,29.916612840467884,29.34322581752654,28.291500027974447,28.74967744273524,18.645161213413363,18.89451620655675,20.42600008646647,11.271451627054525,10.44870961096979,7.865499941507975,7.8837098152406755,7.342666594187419,7.53306459611462,0.4121459001302718,64.949905,69.693565,87.00772,88.95127,88.85565,88.93809,27.24,27.74,27.69,27.41,27.32,27.16,0,0,44.0,1,13.522007983412209,2007,33753016,0.13035872112880223
8,2007-02-28,24.86589288711548,24.2814516252087,24.11903224452849,24.35933335622152,30.558214323861257,29.916612840467884,29.34322581752654,28.291500027974447,19.174107210976736,18.645161213413363,18.89451620655675,11.38410711288452,11.271451627054525,10.44870961096979,7.865499941507975,7.8837098152406755,7.342666594187419,4.693405661135912,66.08658,64.949905,69.693565,87.00772,88.95127,88.85565,26.88,27.24,27.74,27.69,27.41,27.32,0,0,23.0,2,14.012741966209907,2007,33753016,0.0681420587718739
9,2007-03-31,26.94516117342057,24.86589288711548,24.2814516252087,24.11903224452849,32.54258078913535,30.558214323861257,29.916612840467884,29.34322581752654,21.34612907901887,19.174107210976736,18.645161213413363,11.19645171011648,11.38410711288452,11.271451627054525,10.44870961096979,7.865499941507975,7.8837098152406755,8.803542360365391,70.72278,66.08658,64.949905,69.693565,87.00772,88.95127,27.1,26.88,27.24,27.74,27.69,27.41,0,0,10.0,3,14.283013934947935,2007,33753016,0.02962698207472778
10,2007-04-30,27.39516665140788,26.94516117342057,24.86589288711548,24.2814516252087,32.49116662343343,32.54258078913535,30.558214323861257,29.916612840467884,22.298999977111816,21.34612907901887,19.174107210976736,10.192166646321615,11.19645171011648,11.38410711288452,11.271451627054525,10.44870961096979,7.865499941507975,134.7934419645369,81.324974,70.72278,66.08658,64.949905,69.693565,87.00772,27.5,27.1,26.88,27.24,27.74,27.69,0,0,7.0,4,14.099772376563278,2007,33753016,0.020738887452309444
11,2007-05-31,27.21338708939091,27.39516665140788,26.94516117342057,24.86589288711548,31.806290288125314,32.49116662343343,32.54258078913535,30.558214323861257,22.61854833172213,22.298999977111816,21.34612907901887,9.187741956403178,10.192166646321615,11.19645171011648,11.38410711288452,11.271451627054525,10.44870961096979,178.8562454973161,85.027306,81.324974,70.72278,66.08658,64.949905,69.693565,27.46,27.5,27.1,26.88,27.24,27.74,0,0,40.0,5,13.459639939175762,2007,33753016,0.11850792829891112
12,2007-06-30,25.059833240509032,27.21338708939091,27.39516665140788,26.94516117342057,28.69949992497762,31.806290288125314,32.49116662343343,32.54258078913535,21.42050005594889,22.61854833172213,22.298999977111816,7.278999869028727,9.187741956403178,10.192166646321615,11.19645171011648,11.38410711288452,11.271451627054525,677.4845605441927,88.881035,85.027306,81.324974,70.72278,66.08658,64.949905,27.37,27.46,27.5,27.1,26.88,27.24,11,15,143.0,6,11.408899909859205,2007,33753016,0.4236658436686073
13,2007-07-31,24.302258091588172,25.059833240509032,27.21338708939091,27.39516665140788,27.640000066449566,28.69949992497762,31.806290288125314,32.49116662343343,20.96451627054522,21.42050005594889,22.61854833172213,6.675483795904344,7.278999869028727,9.187741956403178,10.192166646321615,11.19645171011648,11.38410711288452,995.6136643999816,91.287636,88.881035,85.027306,81.324974,70.72278,66.08658,26.71,27.37,27.46,27.5,27.1,26.88,13,12,145.0,7,11.007956276022883,2007,33753016,0.42959124008355287
14,2007-08-31,24.4051613038586,24.302258091588172,25.059833240509032,27.21338708939091,27.8882258630568,27.640000066449566,28.69949992497762,31.806290288125314,20.92306453950944,20.96451627054522,21.42050005594889,6.965161323547363,6.675483795904344,7.278999869028727,9.187741956403178,10.192166646321615,11.19645171011648,511.7079103256762,90.50812,91.287636,88.881035,85.027306,81.324974,70.72278,26.14,26.71,27.37,27.46,27.5,27.1,0,10,94.0,8,11.168192519274761,2007,33753016,0.27849363150244116
15,2007-09-30,24.857166798909507,24.4051613038586,24.302258091588172,25.059833240509032,28.47016668319702,27.8882258630568,27.640000066449566,28.69949992497762,21.24566666285197,20.92306453950944,20.96451627054522,7.224500020345052,6.965161323547363,6.675483795904344,7.278999869028727,9.187741956403178,10.192166646321615,508.6010371752083,90.52494,90.50812,91.287636,88.881035,85.027306,81.324974,25.61,26.14,26.71,27.37,27.46,27.5,20,2,64.0,9,13.25370737698159,2007,33753016,0.18961268527825778
16,2007-10-31,24.706935421113045,24.857166798909507,24.4051613038586,24.302258091588172,28.68999998031124,28.47016668319702,27.8882258630568,27.640000066449566,20.7238709849696,21.24566666285197,20.92306453950944,7.96612899534164,7.224500020345052,6.965161323547363,6.675483795904344,7.278999869028727,9.187741956403178,345.1890940922499,88.32223,90.52494,90.50812,91.287636,88.881035,85.027306,25.32,25.61,26.14,26.71,27.37,27.46,0,0,29.0,10,14.076469023106185,2007,33753016,0.08591824801671057
17,2007-11-30,24.457166639963784,24.706935421113045,24.857166798909507,24.4051613038586,29.0498335202535,28.68999998031124,28.47016668319702,27.8882258630568,19.862666654586796,20.7238709849696,21.24566666285197,9.187166865666708,7.96612899534164,7.224500020345052,6.965161323547363,6.675483795904344,7.278999869028727,77.83709634512662,79.608444,88.32223,90.52494,90.50812,91.287636,88.881035,25.17,25.32,25.61,26.14,26.71,27.37,0,0,29.0,11,13.961781925689735,2007,33753016,0.08591824801671057
18,2007-12-31,23.97370966019169,24.457166639963784,24.706935421113045,24.857166798909507,28.62790323072864,29.0498335202535,28.68999998031124,28.47016668319702,19.31999998707925,19.862666654586796,20.7238709849696,9.30790324364939,9.187166865666708,7.96612899534164,7.224500020345052,6.965161323547363,6.675483795904344,21.22234910473228,73.09959,79.608444,88.32223,90.52494,90.50812,91.287636,25.01,25.17,25.32,25.61,26.14,26.71,0,0,29.0,12,13.468980454094634,2007,33753016,0.08591824801671057
19,2008-01-31,24.138709652808405,23.97370966019169,24.457166639963784,24.706935421113045,29.643225946734027,28.62790323072864,29.0498335202535,28.68999998031124,18.634516100729662,19.31999998707925,19.862666654586796,11.008709846004365,9.30790324364939,9.187166865666708,7.96612899534164,7.224500020345052,6.965161323547363,2.85522435605526,67.72367,73.09959,79.608444,88.32223,90.52494,90.50812,24.86,25.01,25.17,25.32,25.61,26.14,0,0,30.0,1,13.630810276673323,2008,34068138,0.08805881906431165
20,2008-02-29,25.21224130433181,24.138709652808405,23.97370966019169,24.457166639963784,30.20637929850611,29.643225946734027,28.62790323072864,29.0498335202535,20.219655102696912,18.634516100729662,19.31999998707925,9.9867241958092,11.008709846004365,9.30790324364939,9.187166865666708,7.96612899534164,7.224500020345052,37.12911928489804,71.447845,67.72367,73.09959,79.608444,88.32223,90.52494,25.08,24.86,25.01,25.17,25.32,25.61,0,0,36.0,2,13.904177159662071,2008,34068138,0.10567058287717397
21,2008-03-31,25.198548224664503,25.21224130433181,24.138709652808405,23.97370966019169,29.82225799560547,30.20637929850611,29.643225946734027,28.62790323072864,20.574999855410667,20.219655102696912,18.634516100729662,9.2472581401948,9.9867241958092,11.008709846004365,9.30790324364939,9.187166865666708,7.96612899534164,212.92885112598535,76.746994,71.447845,67.72367,73.09959,79.608444,88.32223,26.07,25.08,24.86,25.01,25.17,25.32,0,0,9.0,3,14.448984567826647,2008,34068138,0.026417645719293493
22,2008-04-30,26.63733320236206,25.198548224664503,25.21224130433181,24.138709652808405,31.382166385650635,29.82225799560547,30.20637929850611,29.643225946734027,21.89333333969116,20.574999855410667,20.219655102696912,9.488833045959472,9.2472581401948,9.9867241958092,11.008709846004365,9.30790324364939,9.187166865666708,91.52830775141716,83.45985,76.746994,71.447845,67.72367,73.09959,79.608444,26.83,26.07,25.08,24.86,25.01,25.17,0,0,15.0,4,14.260687713172784,2008,34068138,0.044029409532155825
23,2008-05-31,26.84645163628363,26.63733320236206,25.198548224664503,25.21224130433181,31.46290317658455,31.382166385650635,29.82225799560547,30.20637929850611,22.229838678913733,21.89333333969116,20.574999855410667,9.23306449767082,9.488833045959472,9.2472581401948,9.9867241958092,11.008709846004365,9.30790324364939,78.67135785192251,84.953094,83.45985,76.746994,71.447845,67.72367,73.09959,27.09,26.83,26.07,25.08,24.86,25.01,0,0,15.0,5,13.094088571238181,2008,34068138,0.044029409532155825
24,2008-06-30,25.18500000635783,26.84645163628363,26.63733320236206,25.198548224664503,29.033166694641118,31.46290317658455,31.382166385650635,29.82225799560547,21.33700002034505,22.229838678913733,21.89333333969116,7.696166674296061,9.23306449767082,9.488833045959472,9.2472581401948,9.9867241958092,11.008709846004365,434.9541700281203,89.24465,84.953094,83.45985,76.746994,71.447845,67.72367,27.04,27.09,26.83,26.07,25.08,24.86,8,0,34.0,6,13.108350555265623,2008,34068138,0.09979999493955319
25,2008-07-31,24.65322580645161,25.18500000635783,26.84645163628363,26.63733320236206,28.2814516252087,29.033166694641118,31.46290317658455,31.382166385650635,21.025967905598304,21.33700002034505,22.229838678913733,7.255483719610399,7.696166674296061,9.23306449767082,9.488833045959472,9.2472581401948,9.9867241958092,519.8028238256276,90.010216,89.24465,84.953094,83.45985,76.746994,71.447845,26.99,27.04,27.09,26.83,26.07,25.08,7,18,80.0,7,11.691546606067375,2008,34068138,0.23482351750483105
26,2008-08-31,24.63403231097806,24.65322580645161,25.18500000635783,26.84645163628363,28.262258037444084,28.2814516252087,29.033166694641118,31.46290317658455,21.005483934956214,21.025967905598304,21.33700002034505,7.256774102487872,7.255483719610399,7.696166674296061,9.23306449767082,9.488833045959472,9.2472581401948,378.87879877090455,88.95111,90.010216,89.24465,84.953094,83.45985,76.746994,26.72,26.99,27.04,27.09,26.83,26.07,9,12,75.0,8,11.498782415688611,2008,34068138,0.2201470476607791
27,2008-09-30,25.075499979654943,24.63403231097806,24.65322580645161,25.18500000635783,29.301666673024496,28.262258037444084,28.2814516252087,29.033166694641118,20.849999936421717,21.005483934956214,21.025967905598304,8.451666736602784,7.256774102487872,7.255483719610399,7.696166674296061,9.23306449767082,9.488833045959472,316.72297684744,86.943665,88.95111,90.010216,89.24465,84.953094,83.45985,26.47,26.72,26.99,27.04,27.09,26.83,15,10,64.0,9,13.12247694775062,2008,34068138,0.18785881400386484
28,2008-10-31,24.98290326518397,25.075499979654943,24.63403231097806,24.65322580645161,29.02112902364423,29.301666673024496,28.262258037444084,28.2814516252087,20.946774298144923,20.849999936421717,21.005483934956214,8.074354725499306,8.451666736602784,7.256774102487872,7.255483719610399,7.696166674296061,9.23306449767082,317.35058934137226,86.63803,86.943665,88.95111,90.010216,89.24465,84.953094,26.37,26.47,26.72,26.99,27.04,27.09,0,0,63.0,10,13.689137105952673,2008,34068138,0.18492352003505447
29,2008-11-30,24.62816664377848,24.98290326518397,25.075499979654943,24.63403231097806,28.91549994150797,29.02112902364423,29.301666673024496,28.262258037444084,20.341500027974448,20.946774298144923,20.849999936421717,8.573999913533529,8.074354725499306,8.451666736602784,7.256774102487872,7.255483719610399,7.696166674296061,65.22705369263888,83.96862,86.63803,86.943665,88.95111,90.010216,89.24465,26.25,26.37,26.47,26.72,26.99,27.04,0,0,81.0,11,13.71004107048851,2008,34068138,0.23775881147364145
30,2008-12-31,24.17387100958055,24.62816664377848,24.98290326518397,25.075499979654943,28.908064565350934,28.91549994150797,29.02112902364423,29.301666673024496,19.439032262371438,20.341500027974448,20.946774298144923,9.4690323029795,8.573999913533529,8.074354725499306,8.451666736602784,7.256774102487872,7.255483719610399,18.663000227659943,75.73381,83.96862,86.63803,86.943665,88.95111,90.010216,25.74,26.25,26.37,26.47,26.72,26.99,0,0,231.0,12,13.237210083943806,2008,34068138,0.6780529067951997
31,2009-01-31,24.08387098004741,24.17387100958055,24.62816664377848,24.98290326518397,29.76758058609501,28.908064565350934,28.91549994150797,29.02112902364423,18.4003225141956,19.439032262371438,20.341500027974448,11.367258071899414,9.4690323029795,8.573999913533529,8.074354725499306,8.451666736602784,7.256774102487872,3.361970001608133,65.76807,75.73381,83.96862,86.63803,86.943665,88.95111,25.66,25.74,26.25,26.37,26.47,26.72,0,0,208.0,1,13.33501454496786,2009,34403346,0.6045923556388962
32,2009-02-28,25.32928572382246,24.08387098004741,24.17387100958055,24.62816664377848,31.37607145309448,29.76758058609501,28.908064565350934,28.91549994150797,19.28053569793701,18.4003225141956,19.439032262371438,12.09553575515747,11.367258071899414,9.4690323029795,8.573999913533529,8.074354725499306,8.451666736602784,0.8448111258447168,66.07932,65.76807,75.73381,83.96862,86.63803,86.943665,25.96,25.66,25.74,26.25,26.37,26.47,0,0,146.0,2,13.716435835165555,2009,34403346,0.4243773265542253
33,2009-03-31,26.84822590120377,25.32928572382246,24.08387098004741,24.17387100958055,32.40580638762443,31.37607145309448,29.76758058609501,28.908064565350934,21.29096775670205,19.28053569793701,18.4003225141956,11.11483863092238,12.09553575515747,11.367258071899414,9.4690323029795,8.573999913533529,8.074354725499306,73.8793710179627,74.555725,66.07932,65.76807,75.73381,83.96862,86.63803,26.59,25.96,25.66,25.74,26.25,26.37,0,0,60.0,3,14.220880079072428,2009,34403346,0.17440164104968162
34,2009-04-30,27.521499888102213,26.84822590120377,25.32928572382246,24.08387098004741,32.505666446685794,32.40580638762443,31.37607145309448,29.76758058609501,22.539333375295005,21.29096775670205,19.28053569793701,9.966333071390787,11.11483863092238,12.09553575515747,11.367258071899414,9.4690323029795,8.573999913533529,62.414808128625154,80.44921,74.555725,66.07932,65.76807,75.73381,83.96862,27.47,26.59,25.96,25.66,25.74,26.25,0,0,73.0,4,14.322995391435967,2009,34403346,0.21218866327711264
35,2009-05-31,26.9404838931176,27.521499888102213,26.84822590120377,25.32928572382246,31.477741764437766,32.505666446685794,32.40580638762443,31.37607145309448,22.40322580645161,22.539333375295005,21.29096775670205,9.074515957986154,9.966333071390787,11.11483863092238,12.09553575515747,11.367258071899414,9.4690323029795,157.32858100920916,85.163475,80.44921,74.555725,66.07932,65.76807,75.73381,27.99,27.47,26.59,25.96,25.66,25.74,0,0,86.0,5,12.972812779153283,2009,34403346,0.24997568550454366
36,2009-06-30,25.499333381652832,26.9404838931176,27.521499888102213,26.84822590120377,29.307833353678387,31.477741764437766,32.505666446685794,32.40580638762443,21.692499923706052,22.40322580645161,22.539333375295005,7.61533342997233,9.074515957986154,9.966333071390787,11.11483863092238,12.09553575515747,11.367258071899414,359.2417902694643,89.49288,85.163475,80.44921,74.555725,66.07932,65.76807,28.04,27.99,27.47,26.59,25.96,25.66,0,20,183.0,6,11.49716058011652,2009,34403346,0.531925005201529
37,2009-07-31,24.661451555067494,25.499333381652832,26.9404838931176,27.521499888102213,28.10483861738636,29.307833353678387,31.477741764437766,32.505666446685794,21.218870932056056,21.692499923706052,22.40322580645161,6.885967685330298,7.61533342997233,9.074515957986154,9.966333071390787,11.11483863092238,12.09553575515747,858.7573832559585,90.12498,89.49288,85.163475,80.44921,74.555725,66.07932,27.78,28.04,27.99,27.47,26.59,25.96,22,6,196.0,7,10.897951293532756,2009,34403346,0.56971202742896
38,2009-08-31,25.237580545486946,24.661451555067494,25.499333381652832,26.9404838931176,28.97919365667528,28.10483861738636,29.307833353678387,31.477741764437766,21.495967803462857,21.218870932056056,21.692499923706052,7.483225853212418,6.885967685330298,7.61533342997233,9.074515957986154,9.966333071390787,11.11483863092238,253.8681013517082,88.3345,90.12498,89.49288,85.163475,80.44921,74.555725,27.42,27.78,28.04,27.99,27.47,26.59,8,16,191.0,8,11.413143027213462,2009,34403346,0.5551785573414865
39,2009-09-30,25.30083328882853,25.237580545486946,24.661451555067494,25.499333381652832,29.11566664377848,28.97919365667528,28.10483861738636,29.307833353678387,21.486000092824305,21.495967803462857,21.218870932056056,7.629666550954183,7.483225853212418,6.885967685330298,7.61533342997233,9.074515957986154,9.966333071390787,342.40785249948505,89.938995,88.3345,90.12498,89.49288,85.163475,80.44921,27.4,27.42,27.78,28.04,27.99,27.47,13,0,116.0,9,12.798616179573717,2009,34403346,0.3371765060293845
40,2009-10-31,25.57306465025871,25.30083328882853,25.237580545486946,24.661451555067494,29.90758065254457,29.11566664377848,28.97919365667528,28.10483861738636,21.23822578307121,21.486000092824305,21.495967803462857,8.669354869473365,7.629666550954183,7.483225853212418,6.885967685330298,7.61533342997233,9.074515957986154,219.9588258485496,85.45289,89.938995,88.3345,90.12498,89.49288,85.163475,27.6,27.4,27.42,27.78,28.04,27.99,0,0,88.0,10,13.680188062024019,2009,34403346,0.255789073539533
41,2009-11-30,24.778500048319497,25.57306465025871,25.30083328882853,25.237580545486946,28.716500027974448,29.90758065254457,29.11566664377848,28.97919365667528,20.84000002543132,21.23822578307121,21.486000092824305,7.876500002543131,8.669354869473365,7.629666550954183,7.483225853212418,6.885967685330298,7.61533342997233,267.7063951216638,85.51775,85.45289,89.938995,88.3345,90.12498,89.49288,28.16,27.6,27.4,27.42,27.78,28.04,0,0,47.0,11,13.06773747758187,2009,34403346,0.1366146188222506
42,2009-12-31,24.804193588995165,24.778500048319497,25.57306465025871,25.30083328882853,29.15322571416055,28.716500027974448,29.90758065254457,29.11566664377848,20.454677427968672,20.84000002543132,21.23822578307121,8.698548286191878,7.876500002543131,8.669354869473365,7.629666550954183,7.483225853212418,6.885967685330298,55.51886519178749,79.76892,85.51775,85.45289,89.938995,88.3345,90.12498,28.34,28.16,27.6,27.4,27.42,27.78,0,0,31.0,12,13.002190086827857,2009,34403346,0.0901075145423355
43,2010-01-31,24.542419310539,24.804193588995165,24.778500048319497,25.57306465025871,29.67806456165929,29.15322571416055,28.716500027974448,29.90758065254457,19.36709687017625,20.454677427968672,20.84000002543132,10.310967691483036,8.698548286191878,7.876500002543131,8.669354869473365,7.629666550954183,7.483225853212418,20.05830632284284,70.93855,79.76892,85.51775,85.45289,89.938995,88.3345,28.07,28.34,28.16,27.6,27.4,27.42,0,0,88.0,1,12.723814795502742,2010,34727678,0.25340018414130655
44,2010-02-28,25.853392839431763,24.542419310539,24.804193588995165,24.778500048319497,31.53410724231175,29.67806456165929,29.15322571416055,28.716500027974448,20.183392797197616,19.36709687017625,20.454677427968672,11.350714445114136,10.310967691483036,8.698548286191878,7.876500002543131,8.669354869473365,7.629666550954183,1.2883435185253618,67.98076,70.93855,79.76892,85.51775,85.45289,89.938995,28.01,28.07,28.34,28.16,27.6,27.4,0,0,111.0,2,13.553479501105596,2010,34727678,0.31962977772369344
45,2010-03-31,27.5935483747913,25.853392839431763,24.542419310539,24.804193588995165,33.31064534956409,31.53410724231175,29.67806456165929,29.15322571416055,21.848709629428,20.183392797197616,19.36709687017625,11.461935720136088,11.350714445114136,10.310967691483036,8.698548286191878,7.876500002543131,8.669354869473365,32.372231938540935,71.20567,67.98076,70.93855,79.76892,85.51775,85.45289,28.18,28.01,28.07,28.34,28.16,27.6,0,0,127.0,3,13.525822925176955,2010,34727678,0.3657025384766583
46,2010-04-30,28.224999968210856,27.5935483747913,25.853392839431763,24.542419310539,33.392166741689046,33.31064534956409,31.53410724231175,29.67806456165929,22.93666664759318,21.848709629428,20.183392797197616,10.455500094095866,11.461935720136088,11.350714445114136,10.310967691483036,8.698548286191878,7.876500002543131,134.9328132727742,81.28618,71.20567,67.98076,70.93855,79.76892,85.51775,28.2,28.18,28.01,28.07,28.34,28.16,0,0,94.0,4,13.81025901371169,2010,34727678,0.2706774694236683
47,2010-05-31,27.53145165597239,28.224999968210856,27.5935483747913,25.853392839431763,32.08564509114912,33.392166741689046,33.31064534956409,31.53410724231175,22.93435478210449,22.93666664759318,21.848709629428,9.151290309044622,10.455500094095866,11.461935720136088,11.350714445114136,10.310967691483036,8.698548286191878,180.7328003054857,86.454254,81.28618,71.20567,67.98076,70.93855,79.76892,27.71,28.2,28.18,28.01,28.07,28.34,0,0,411.0,5,12.4433871254638,2010,34727678,1.183494041841784
48,2010-06-30,25.70333337783813,27.53145165597239,28.224999968210856,27.5935483747913,29.61966676712036,32.08564509114912,33.392166741689046,33.31064534956409,21.815833314259848,22.93435478210449,22.93666664759318,7.803833452860514,9.151290309044622,10.455500094095866,11.461935720136088,11.350714445114136,10.310967691483036,491.5245690624416,89.708206,86.454254,81.28618,71.20567,67.98076,70.93855,27.04,27.71,28.2,28.18,28.01,28.07,12,1,678.0,6,10.835707842980574,2010,34727678,1.9523332369068844
49,2010-07-31,25.1335483981717,25.70333337783813,27.53145165597239,28.224999968210856,29.25306455550655,29.61966676712036,32.08564509114912,33.392166741689046,21.135483864815004,21.815833314259848,22.93435478210449,8.117580690691549,7.803833452860514,9.151290309044622,10.455500094095866,11.461935720136088,11.350714445114136,516.0282013773918,90.24335,89.708206,86.454254,81.28618,71.20567,67.98076,26.22,27.04,27.71,28.2,28.18,28.01,10,12,434.0,7,10.305178753487697,2010,34727678,1.249723635424171
50,2010-08-31,24.832096868945705,25.1335483981717,25.70333337783813,27.53145165597239,28.252258116199123,29.25306455550655,29.61966676712036,32.08564509114912,21.44387100588891,21.135483864815004,21.815833314259848,6.808387110310216,8.117580690691549,7.803833452860514,9.151290309044622,10.455500094095866,11.461935720136088,312.4435781136155,90.1131,90.24335,89.708206,86.454254,81.28618,71.20567,25.47,26.22,27.04,27.71,28.2,28.18,0,5,227.0,8,10.88933261979924,2010,34727678,0.6536572931826885
51,2010-09-30,25.27333335876465,24.832096868945705,25.1335483981717,25.70333337783813,29.133833249409992,28.252258116199123,29.25306455550655,29.61966676712036,21.44183333714803,21.44387100588891,21.135483864815004,7.691999912261963,6.808387110310216,8.117580690691549,7.803833452860514,9.151290309044622,10.455500094095866,246.33533911198376,88.574745,90.1131,90.24335,89.708206,86.454254,81.28618,25.12,25.47,26.22,27.04,27.71,28.2,7,0,111.0,9,12.592722332321445,2010,34727678,0.31962977772369344
52,2010-10-31,25.21193550479028,25.27333335876465,24.832096868945705,25.1335483981717,29.229999880636893,29.133833249409992,28.252258116199123,29.25306455550655,21.2151612312563,21.44183333714803,21.44387100588891,8.014838649380591,7.691999912261963,6.808387110310216,8.117580690691549,7.803833452860514,9.151290309044622,370.4858336311579,89.16972,88.574745,90.1131,90.24335,89.708206,86.454254,25.03,25.12,25.47,26.22,27.04,27.71,0,0,120.0,10,13.176263093375834,2010,34727678,0.3455457056472362
53,2010-11-30,24.52033338546753,25.21193550479028,25.27333335876465,24.832096868945705,28.209166717529296,29.229999880636893,29.133833249409992,28.252258116199123,20.911666711171467,21.2151612312563,21.44183333714803,7.297500006357828,8.014838649380591,7.691999912261963,6.808387110310216,8.117580690691549,7.803833452860514,350.09865500330926,89.16834,89.16972,88.574745,90.1131,90.24335,89.708206,25.06,25.03,25.12,25.47,26.22,27.04,0,0,104.0,11,13.495851701731494,2010,34727678,0.2994729448942714
54,2010-12-31,24.01354851261262,24.52033338546753,25.21193550479028,25.27333335876465,28.25806442383797,28.209166717529296,29.229999880636893,29.133833249409992,19.885806422079764,20.911666711171467,21.2151612312563,8.372258001758206,7.297500006357828,8.014838649380591,7.691999912261963,6.808387110310216,8.117580690691549,48.88360532283783,82.17316,89.16834,89.16972,88.574745,90.1131,90.24335,25.0,25.06,25.03,25.12,25.47,26.22,0,0,92.0,12,13.030647148325674,2010,34727678,0.26491837432954773
55,2011-01-31,24.314838686297016,24.01354851261262,24.52033338546753,25.21193550479028,29.498709647886216,28.25806442383797,28.209166717529296,29.229999880636893,19.117258118044944,19.885806422079764,20.911666711171467,10.38145152984127,8.372258001758206,7.297500006357828,8.014838649380591,7.691999912261963,6.808387110310216,21.496719612032173,65.785706,82.17316,89.16834,89.16972,88.574745,90.1131,25.0,25.0,25.06,25.03,25.12,25.47,0,0,68.0,1,13.094406906327103,2011,33458077,0.20323941510446042
56,2011-02-28,24.95642852783203,24.314838686297016,24.01354851261262,24.52033338546753,30.61500028201512,29.498709647886216,28.25806442383797,28.209166717529296,19.31285732133048,19.117258118044944,19.885806422079764,11.30214296068464,10.38145152984127,8.372258001758206,7.297500006357828,8.014838649380591,7.691999912261963,64.17478125557304,64.04422,65.785706,82.17316,89.16834,89.16972,88.574745,25.64,25.0,25.0,25.06,25.03,25.12,0,0,41.0,2,13.83452879578554,2011,33458077,0.1225414120482776
57,2011-03-31,26.564838717060702,24.95642852783203,24.314838686297016,24.01354851261262,32.26435492115636,30.61500028201512,29.498709647886216,28.25806442383797,20.848387072163245,19.31285732133048,19.117258118044944,11.415967848993116,11.30214296068464,10.38145152984127,8.372258001758206,7.297500006357828,8.014838649380591,32.13124623924494,68.63624,64.04422,65.785706,82.17316,89.16834,89.16972,26.36,25.64,25.0,25.0,25.06,25.03,0,0,54.0,3,14.403294299248454,2011,33458077,0.16139600611236565
58,2011-04-30,26.779166634877523,26.564838717060702,24.95642852783203,24.314838686297016,31.827666791280112,32.26435492115636,30.61500028201512,29.498709647886216,21.76450004577637,20.848387072163245,19.31285732133048,10.063166745503745,11.415967848993116,11.30214296068464,10.38145152984127,8.372258001758206,7.297500006357828,119.50370580717922,81.83744,68.63624,64.04422,65.785706,82.17316,89.16834,27.05,26.36,25.64,25.0,25.0,25.06,0,0,53.0,4,14.062397378247164,2011,33458077,0.15840719118435886
59,2011-05-31,27.08096784160983,26.779166634877523,26.564838717060702,24.95642852783203,31.67548407277753,31.827666791280112,32.26435492115636,30.61500028201512,22.477258036213534,21.76450004577637,20.848387072163245,9.198226036563996,10.063166745503745,11.415967848993116,11.30214296068464,10.38145152984127,8.372258001758206,106.75199583053588,85.02275,81.83744,68.63624,64.04422,65.785706,82.17316,27.41,27.05,26.36,25.64,25.0,25.0,0,0,84.0,5,13.363110862449318,2011,33458077,0.25106045395256876
60,2011-06-30,25.341499996185306,27.08096784160983,26.779166634877523,26.564838717060702,29.063999938964844,31.67548407277753,31.827666791280112,32.26435492115636,21.607500076293945,22.477258036213534,21.76450004577637,7.456499862670898,9.198226036563996,10.063166745503745,11.415967848993116,11.30214296068464,10.38145152984127,593.7546126705408,89.906975,85.02275,81.83744,68.63624,64.04422,65.785706,27.35,27.41,27.05,26.36,25.64,25.0,12,13,168.0,6,11.759123177394864,2011,33458077,0.5021209079051375
61,2011-07-31,24.699032322052982,25.341499996185306,27.08096784160983,26.779166634877523,28.26725818264869,29.063999938964844,31.67548407277753,31.827666791280112,21.12435479317942,21.607500076293945,22.477258036213534,7.14290338946927,7.456499862670898,9.198226036563996,10.063166745503745,11.415967848993116,11.30214296068464,451.3527024373412,91.02033,89.906975,85.02275,81.83744,68.63624,64.04422,26.87,27.35,27.41,27.05,26.36,25.64,0,5,129.0,7,11.560456019028127,2011,33458077,0.3855571257128735
62,2011-08-31,24.773709727871804,24.699032322052982,25.341499996185306,27.08096784160983,28.40693547648768,28.26725818264869,29.063999938964844,31.67548407277753,21.15177412955992,21.12435479317942,21.607500076293945,7.255161346927766,7.14290338946927,7.456499862670898,9.198226036563996,10.063166745503745,11.415967848993116,415.6264923873544,90.806,91.02033,89.906975,85.02275,81.83744,68.63624,26.21,26.87,27.35,27.41,27.05,26.36,2,0,146.0,8,11.286384802694068,2011,33458077,0.43636697948898856
63,2011-09-30,25.218500010172527,24.773709727871804,24.699032322052982,25.341499996185306,29.307833417256678,28.40693547648768,28.26725818264869,29.063999938964844,21.13166659673055,21.15177412955992,21.12435479317942,8.176166820526124,7.255161346927766,7.14290338946927,7.456499862670898,9.198226036563996,10.063166745503745,322.3601875531673,87.885765,90.806,91.02033,89.906975,85.02275,81.83744,25.92,26.21,26.87,27.35,27.41,27.05,13,9,115.0,9,12.960221842507078,2011,33458077,0.34371371672077866
64,2011-10-31,25.569516089654737,25.218500010172527,24.773709727871804,24.699032322052982,29.841290381646925,29.307833417256678,28.40693547648768,28.26725818264869,21.314032246989587,21.13166659673055,21.15177412955992,8.527258134657338,8.176166820526124,7.255161346927766,7.14290338946927,7.456499862670898,9.198226036563996,166.2918135523796,85.47185,87.885765,90.806,91.02033,89.906975,85.02275,25.67,25.92,26.21,26.87,27.35,27.41,0,0,188.0,10,13.639377156350124,2011,33458077,0.561897206465273
65,2011-11-30,24.36116666793823,25.569516089654737,25.218500010172527,24.773709727871804,28.61416664123535,29.841290381646925,29.307833417256678,28.40693547648768,20.124833202362066,21.314032246989587,21.13166659673055,8.489333438873292,8.527258134657338,8.176166820526124,7.255161346927766,7.14290338946927,7.456499862670898,171.3125340668857,78.756714,85.47185,87.885765,90.806,91.02033,89.906975,25.52,25.67,25.92,26.21,26.87,27.35,0,0,116.0,11,13.558642062117814,2011,33458077,0.34670253164878545
66,2011-12-31,24.226612829392955,24.36116666793823,25.569516089654737,25.218500010172527,29.098548396941155,28.61416664123535,29.841290381646925,29.307833417256678,19.342257976531982,20.124833202362066,21.314032246989587,9.756290420409172,8.489333438873292,8.527258134657338,8.176166820526124,7.255161346927766,7.14290338946927,72.55233724325896,70.28917,78.756714,85.47185,87.885765,90.806,91.02033,25.54,25.52,25.67,25.92,26.21,26.87,0,0,142.0,12,13.087575003975731,2011,33458077,0.4244117197769615
67,2012-01-31,23.92564505915488,24.226612829392955,24.36116666793823,25.569516089654737,29.70129034596105,29.098548396941155,28.61416664123535,29.841290381646925,18.155161380767822,19.342257976531982,20.124833202362066,11.546128965193226,9.756290420409172,8.489333438873292,8.527258134657338,8.176166820526124,7.255161346927766,7.927304540574551,65.95981,70.28917,78.756714,85.47185,87.885765,90.806,25.67,25.54,25.52,25.67,25.92,26.21,0,0,187.0,1,12.72740482449078,2012,33616150,0.5562802403011647
68,2012-02-29,25.218965530395508,23.92564505915488,24.226612829392955,24.36116666793823,31.144482744151148,29.70129034596105,29.098548396941155,28.61416664123535,19.311206834069612,18.155161380767822,19.342257976531982,11.833275910081534,11.546128965193226,9.756290420409172,8.489333438873292,8.527258134657338,8.176166820526124,10.457709359526635,60.855534,65.95981,70.28917,78.756714,85.47185,87.885765,26.08,25.67,25.54,25.52,25.67,25.92,0,0,170.0,2,14.010699781975566,2012,33616150,0.5057093093646953
69,2012-03-31,26.92790320611769,25.218965530395508,23.92564505915488,24.226612829392955,32.5149999741585,31.144482744151148,29.70129034596105,29.098548396941155,21.349032248220137,19.311206834069612,18.155161380767822,11.165967725938366,11.833275910081534,11.546128965193226,9.756290420409172,8.489333438873292,8.527258134657338,28.895520824491975,71.18239,60.855534,65.95981,70.28917,78.756714,85.47185,26.67,26.08,25.67,25.54,25.52,25.67,0,0,131.0,3,14.16137712341347,2012,33616150,0.3896936442751476
70,2012-04-30,27.27600008646647,26.92790320611769,25.218965530395508,23.92564505915488,32.537666670481364,32.5149999741585,31.144482744151148,29.70129034596105,22.04166660308838,21.349032248220137,19.311206834069612,10.496000067392986,11.165967725938366,11.833275910081534,11.546128965193226,9.756290420409172,8.489333438873292,145.23717236667872,80.478065,71.18239,60.855534,65.95981,70.28917,78.756714,27.32,26.67,26.08,25.67,25.54,25.52,0,0,71.0,4,14.504301719645103,2012,33616150,0.2112080056758433
71,2012-05-31,27.327258017755323,27.27600008646647,26.92790320611769,25.218965530395508,31.896128931353168,32.537666670481364,32.5149999741585,31.144482744151148,22.767903143359767,22.04166660308838,21.349032248220137,9.1282257879934,10.496000067392986,11.165967725938366,11.833275910081534,11.546128965193226,9.756290420409172,81.53473512902856,84.077736,80.478065,71.18239,60.855534,65.95981,70.28917,27.61,27.32,26.67,26.08,25.67,25.54,0,0,162.0,5,13.087090656737045,2012,33616150,0.4819112242181214
72,2012-06-30,25.66449998219808,27.327258017755323,27.27600008646647,26.92790320611769,29.689166641235357,31.896128931353168,32.537666670481364,32.5149999741585,21.65116682052612,22.767903143359767,22.04166660308838,8.037999820709228,9.1282257879934,10.496000067392986,11.165967725938366,11.833275910081534,11.546128965193226,411.5865285052359,89.93488,84.077736,80.478065,71.18239,60.855534,65.95981,27.75,27.61,27.32,26.67,26.08,25.67,17,0,602.0,6,11.424563759386318,2012,33616150,1.7908059072796854
73,2012-07-31,25.361290347191595,25.66449998219808,27.327258017755323,27.27600008646647,29.28709682341545,29.689166641235357,31.896128931353168,32.537666670481364,21.42532265570856,21.65116682052612,22.767903143359767,7.86177416770689,8.037999820709228,9.1282257879934,10.496000067392986,11.165967725938366,11.833275910081534,306.5035253377259,88.774445,89.93488,84.077736,80.478065,71.18239,60.855534,27.54,27.75,27.61,27.32,26.67,26.08,0,14,705.0,7,11.112738368322386,2012,33616150,2.0972062535418243
74,2012-08-31,24.957903185198383,25.361290347191595,25.66449998219808,27.327258017755323,28.717258114968576,29.28709682341545,29.689166641235357,31.896128931353168,21.20161296475318,21.42532265570856,21.65116682052612,7.515645150215395,7.86177416770689,8.037999820709228,9.1282257879934,10.496000067392986,11.165967725938366,402.4089228864014,90.20781,88.774445,89.93488,84.077736,80.478065,71.18239,27.32,27.54,27.75,27.61,27.32,26.67,10,0,529.0,8,11.06754603996663,2012,33616150,1.5736483803171986
75,2012-09-30,25.64783344268799,24.957903185198383,25.361290347191595,25.66449998219808,29.871166706085205,28.717258114968576,29.28709682341545,29.689166641235357,21.40600007375081,21.20161296475318,21.42532265570856,8.465166632334391,7.515645150215395,7.86177416770689,8.037999820709228,9.1282257879934,10.496000067392986,202.31181338399648,86.14446,90.20781,88.774445,89.93488,84.077736,80.478065,27.1,27.32,27.54,27.75,27.61,27.32,7,14,336.0,9,12.631659350042723,2012,33616150,0.9995195761561034
76,2012-10-31,25.27241934499433,25.64783344268799,24.957903185198383,25.361290347191595,29.377903169201268,29.871166706085205,28.717258114968576,29.28709682341545,21.150483869737197,21.40600007375081,21.20161296475318,8.227419299464072,8.465166632334391,7.515645150215395,7.86177416770689,8.037999820709228,9.1282257879934,169.5055574770272,84.88344,86.14446,90.20781,88.774445,89.93488,84.077736,26.98,27.1,27.32,27.54,27.75,27.61,0,0,414.0,10,12.939847131330847,2012,33616150,1.231550906335199
77,2012-11-30,25.019666703542075,25.27241934499433,25.64783344268799,24.957903185198383,29.694666639963785,29.377903169201268,29.871166706085205,28.717258114968576,20.378666639328003,21.150483869737197,21.40600007375081,9.316000000635784,8.227419299464072,8.465166632334391,7.515645150215395,7.86177416770689,8.037999820709228,95.50827600121498,79.27457,84.88344,86.14446,90.20781,88.774445,89.93488,26.86,26.98,27.1,27.32,27.54,27.75,0,0,348.0,11,13.36154432649302,2012,33616150,1.0352167038759643
78,2012-12-31,24.90661279616817,25.019666703542075,25.27241934499433,25.64783344268799,29.78225821833457,29.694666639963785,29.377903169201268,29.871166706085205,20.056290318889,20.378666639328003,21.150483869737197,9.725967899445564,9.316000000635784,8.227419299464072,8.465166632334391,7.515645150215395,7.86177416770689,5.960467195808887,68.67568,79.27457,84.88344,86.14446,90.20781,88.774445,26.34,26.86,26.98,27.1,27.32,27.54,0,0,401.0,12,12.648407263946835,2012,33616150,1.1928790179720163
79,2013-01-31,24.88274186657321,24.90661279616817,25.019666703542075,25.27241934499433,30.491935360816218,29.78225821833457,29.694666639963785,29.377903169201268,19.30370963004328,20.056290318889,20.378666639328003,11.188225730772942,9.725967899445564,9.316000000635784,8.227419299464072,8.465166632334391,7.515645150215395,2.574698571115732,63.494503,68.67568,79.27457,84.88344,86.14446,90.20781,26.01,26.34,26.86,26.98,27.1,27.32,0,0,344.0,1,13.031594042906791,2013,33777360,1.0184336490477646
80,2013-02-28,25.479999950953893,24.88274186657321,24.90661279616817,25.019666703542075,30.894642693655832,30.491935360816218,29.78225821833457,29.694666639963785,20.092142854418075,19.30370963004328,20.056290318889,10.802499839237758,11.188225730772942,9.725967899445564,9.316000000635784,8.227419299464072,8.465166632334391,38.204000121951104,66.12174,63.494503,68.67568,79.27457,84.88344,86.14446,26.24,26.01,26.34,26.86,26.98,27.1,0,0,170.0,2,13.2960972859523,2013,33777360,0.5032956986573255
81,2013-03-31,26.883387134921165,25.479999950953893,24.88274186657321,24.90661279616817,32.17241927116148,30.894642693655832,30.491935360816218,29.78225821833457,21.58951608596309,20.092142854418075,19.30370963004328,10.582903185198385,10.802499839237758,11.188225730772942,9.725967899445564,9.316000000635784,8.227419299464072,52.582094861567015,72.909,66.12174,63.494503,68.67568,79.27457,84.88344,27.03,26.24,26.01,26.34,26.86,26.98,0,0,186.0,3,13.416138401987471,2013,33777360,0.5506647055897796
82,2013-04-30,28.221999835968017,26.883387134921165,25.479999950953893,24.88274186657321,33.38850015004476,32.17241927116148,30.894642693655832,30.491935360816218,23.075666650136316,21.58951608596309,20.092142854418075,10.312833499908448,10.582903185198385,10.802499839237758,11.188225730772942,9.725967899445564,9.316000000635784,55.26996647238731,75.4242,72.909,66.12174,63.494503,68.67568,79.27457,27.57,27.03,26.24,26.01,26.34,26.86,0,0,451.0,4,13.441622903574949,2013,33777360,1.3352138829085518
83,2013-05-31,27.781612919222923,28.221999835968017,26.883387134921165,25.479999950953893,32.4488709357477,33.38850015004476,32.17241927116148,30.894642693655832,23.13741939298568,23.075666650136316,21.58951608596309,9.311451542762018,10.312833499908448,10.582903185198385,10.802499839237758,11.188225730772942,9.725967899445564,99.07926358923316,83.29917,75.4242,72.909,66.12174,63.494503,68.67568,27.53,27.57,27.03,26.24,26.01,26.34,0,0,1035.0,5,12.818302877137882,2013,33777360,3.064182635943129
84,2013-06-30,24.408333428700765,27.781612919222923,28.221999835968017,26.883387134921165,27.79166669845581,32.4488709357477,33.38850015004476,32.17241927116148,21.03333333333333,23.13741939298568,23.075666650136316,6.7583333651224775,9.311451542762018,10.312833499908448,10.582903185198385,10.802499839237758,11.188225730772942,831.7035800737143,93.51379,83.29917,75.4242,72.909,66.12174,63.494503,27.3,27.53,27.57,27.03,26.24,26.01,15,2,2161.0,6,11.465067235722639,2013,33777360,6.397776498814591
85,2013-07-31,24.344999928628244,24.408333428700765,27.781612919222923,28.221999835968017,27.73790322580645,27.79166669845581,32.4488709357477,33.38850015004476,20.977419268700384,21.03333333333333,23.13741939298568,6.760483957106067,6.7583333651224775,9.311451542762018,10.312833499908448,10.582903185198385,10.802499839237758,728.9411622969806,91.4298,93.51379,83.29917,75.4242,72.909,66.12174,26.91,27.3,27.53,27.57,27.03,26.24,8,13,1864.0,7,10.307636940101919,2013,33777360,5.518489307630911
86,2013-08-31,24.928709737716183,24.344999928628244,24.408333428700765,27.781612919222923,28.69580644176852,27.73790322580645,27.79166669845581,32.4488709357477,21.184677308605565,20.977419268700384,21.03333333333333,7.51112913316296,6.760483957106067,6.7583333651224775,9.311451542762018,10.312833499908448,10.582903185198385,341.3022737318277,88.42769,91.4298,93.51379,83.29917,75.4242,72.909,26.47,26.91,27.3,27.53,27.57,27.03,6,17,790.0,8,10.674906826432293,2013,33777360,2.3388447172899243
87,2013-09-30,25.159833431243896,24.928709737716183,24.344999928628244,24.408333428700765,28.967166646321616,28.69580644176852,27.73790322580645,27.79166669845581,21.35183327992757,21.184677308605565,20.977419268700384,7.615333366394043,7.51112913316296,6.760483957106067,6.7583333651224775,9.311451542762018,10.312833499908448,291.2261940343678,89.55531,88.42769,91.4298,93.51379,83.29917,75.4242,26.54,26.47,26.91,27.3,27.53,27.57,17,3,345.0,9,13.95826143264892,2013,33777360,1.0213942119810429
88,2013-10-31,25.545806392546623,25.159833431243896,24.928709737716183,24.344999928628244,29.86774176935996,28.967166646321616,28.69580644176852,27.73790322580645,21.24241933514995,21.35183327992757,21.184677308605565,8.625322434210009,7.615333366394043,7.51112913316296,6.760483957106067,6.7583333651224775,9.311451542762018,245.8854980896413,86.59617,89.55531,88.42769,91.4298,93.51379,83.29917,26.52,26.54,26.47,26.91,27.3,27.53,0,0,248.0,10,14.028718691757662,2013,33777360,0.7342196074530396
89,2013-11-30,25.11749979654948,25.545806392546623,25.159833431243896,24.928709737716183,29.20099999109904,29.86774176935996,28.967166646321616,28.69580644176852,21.01516669591268,21.24241933514995,21.35183327992757,8.185833295186361,8.625322434210009,7.615333366394043,7.51112913316296,6.760483957106067,6.7583333651224775,131.1909277305007,82.16324,86.59617,89.55531,88.42769,91.4298,93.51379,26.56,26.52,26.54,26.47,26.91,27.3,0,0,145.0,11,13.392590868827114,2013,33777360,0.42928162532536585
90,2013-12-31,24.3967742612285,25.11749979654948,25.545806392546623,25.159833431243896,29.22822567724413,29.20099999109904,29.86774176935996,28.967166646321616,19.57629028443367,21.01516669591268,21.24241933514995,9.651935392810453,8.185833295186361,8.625322434210009,7.615333366394043,7.51112913316296,6.760483957106067,22.7452224008739,70.861984,82.16324,86.59617,89.55531,88.42769,91.4298,26.43,26.56,26.52,26.54,26.47,26.91,0,0,199.0,12,13.14875792996775,2013,33777360,0.5891520237223987
91,2014-01-31,24.55110882174584,24.3967742612285,25.11749979654948,25.545806392546623,29.73105787461804,29.22822567724413,29.20099999109904,29.86774176935996,19.371159553527832,19.57629028443367,21.01516669591268,10.359898321090206,9.651935392810453,8.185833295186361,8.625322434210009,7.615333366394043,7.51112913316296,3.0948367625474926,64.07358,70.861984,82.16324,86.59617,89.55531,88.42769,26.05,26.43,26.56,26.52,26.54,26.47,0,0,103.0,1,12.751417600084881,2014,33941670,0.30346179195072015
92,2014-02-28,25.5311404636928,24.55110882174584,24.3967742612285,25.11749979654948,31.08708923203605,29.73105787461804,29.22822567724413,29.20099999109904,19.975191388811385,19.371159553527832,19.57629028443367,11.111897843224662,10.359898321090206,9.651935392810453,8.185833295186361,8.625322434210009,7.615333366394043,7.197310604602098,66.60013,64.07358,70.861984,82.16324,86.59617,89.55531,26.14,26.05,26.43,26.56,26.52,26.54,0,0,72.0,2,13.19308493976837,2014,33941670,0.21212863126652282
93,2014-03-31,26.89056141145768,25.5311404636928,24.55110882174584,24.3967742612285,32.476905915044966,31.08708923203605,29.73105787461804,29.22822567724413,21.30421709245251,19.975191388811385,19.371159553527832,11.17268882259246,11.111897843224662,10.359898321090206,9.651935392810453,8.185833295186361,8.625322434210009,20.390570427179338,63.99747,66.60013,64.07358,70.861984,82.16324,86.59617,27.0,26.14,26.05,26.43,26.56,26.52,0,0,68.0,3,13.971094325744831,2014,33941670,0.20034370730727155
94,2014-04-30,28.08571367263794,26.89056141145768,25.5311404636928,24.55110882174584,33.3487868309021,32.476905915044966,31.08708923203605,29.73105787461804,22.822640228271485,21.30421709245251,19.975191388811385,10.526146602630616,11.17268882259246,11.111897843224662,10.359898321090206,9.651935392810453,8.185833295186361,81.48905320495368,78.98965,63.99747,66.60013,64.07358,70.861984,82.16324,27.9,27.0,26.14,26.05,26.43,26.56,0,0,65.0,4,13.800721958429547,2014,33941670,0.19150501433783312
95,2014-05-31,27.074787908984767,28.08571367263794,26.89056141145768,25.5311404636928,31.554002331149192,33.3487868309021,32.476905915044966,31.08708923203605,22.59557327147453,22.822640228271485,21.30421709245251,8.958429059674662,10.526146602630616,11.17268882259246,11.111897843224662,10.359898321090206,9.651935392810453,226.64657100439072,84.568085,78.98965,63.99747,66.60013,64.07358,70.861984,28.25,27.9,27.0,26.14,26.05,26.43,0,0,131.0,5,12.766293675688438,2014,33941670,0.38595625966547903
96,2014-06-30,26.40558795928955,27.074787908984767,28.08571367263794,26.89056141145768,30.37716875076294,31.554002331149192,33.3487868309021,32.476905915044966,22.43400723139445,22.59557327147453,22.822640228271485,7.9431615193684895,8.958429059674662,10.526146602630616,11.17268882259246,11.111897843224662,10.359898321090206,359.61102447718383,89.56787,84.568085,78.98965,63.99747,66.60013,64.07358,27.96,28.25,27.9,27.0,26.14,26.05,5,9,352.0,6,11.458529941941629,2014,33941670,1.0370733084141117
97,2014-07-31,24.99084786445864,26.40558795928955,27.074787908984767,28.08571367263794,28.371156692504883,30.37716875076294,31.554002331149192,33.3487868309021,21.61053894412133,22.43400723139445,22.59557327147453,6.760617748383553,7.9431615193684895,8.958429059674662,10.526146602630616,11.17268882259246,11.111897843224662,646.5121078401804,91.263824,89.56787,84.568085,78.98965,63.99747,66.60013,27.23,27.96,28.25,27.9,27.0,26.14,17,10,404.0,7,10.419924816343192,2014,33941670,1.1902773198843781
98,2014-08-31,24.91853929335071,24.99084786445864,26.40558795928955,27.074787908984767,28.452536982874715,28.371156692504883,30.37716875076294,31.554002331149192,21.38454172688146,21.61053894412133,22.43400723139445,7.067995255993258,6.760617748383553,7.9431615193684895,8.958429059674662,10.526146602630616,11.17268882259246,622.6131195381283,90.1776,91.263824,89.56787,84.568085,78.98965,63.99747,26.82,27.23,27.96,28.25,27.9,27.0,3,14,358.0,8,11.291931218336442,2014,33941670,1.0547506943529885
99,2014-09-30,25.60195967356364,24.91853929335071,24.99084786445864,26.40558795928955,29.672125498453777,28.452536982874715,28.371156692504883,30.37716875076294,21.53179407119751,21.38454172688146,21.61053894412133,8.140331427256266,7.067995255993258,6.760617748383553,7.9431615193684895,8.958429059674662,10.526146602630616,288.09699810668826,88.250175,90.1776,91.263824,89.56787,84.568085,78.98965,27.01,26.82,27.23,27.96,28.25,27.9,0,12,240.0,9,11.908945199700005,2014,33941670,0.7070954375550761
100,2014-10-31,25.385139065404093,25.60195967356364,24.91853929335071,24.99084786445864,29.333351289072343,29.672125498453777,28.452536982874715,28.371156692504883,21.436926626390026,21.53179407119751,21.38454172688146,7.896424662682318,8.140331427256266,7.067995255993258,6.760617748383553,7.9431615193684895,8.958429059674662,315.0987111467123,88.4381,88.250175,90.1776,91.263824,89.56787,84.568085,27.16,27.01,26.82,27.23,27.96,28.25,0,0,304.0,10,13.326594867086593,2014,33941670,0.8956542209030964
101,2014-11-30,24.6771364847819,25.385139065404093,25.60195967356364,24.91853929335071,28.585771115620933,29.333351289072343,29.672125498453777,28.452536982874715,20.76850201288859,21.436926626390026,21.53179407119751,7.81726910273234,7.896424662682318,8.140331427256266,7.067995255993258,6.760617748383553,7.9431615193684895,91.37738034173846,81.24993,88.4381,88.250175,90.1776,91.263824,89.56787,27.46,27.16,27.01,26.82,27.23,27.96,0,0,233.0,11,13.403423831461787,2014,33941670,0.6864718206263865
102,2014-12-31,24.690331397518037,24.6771364847819,25.385139065404093,25.60195967356364,28.84825854147634,28.585771115620933,29.333351289072343,29.672125498453777,20.53240446890554,20.76850201288859,21.436926626390026,8.3158540725708,7.81726910273234,7.896424662682318,8.140331427256266,7.067995255993258,6.760617748383553,53.2650168313086,78.19255,81.24993,88.4381,88.250175,90.1776,91.263824,27.31,27.46,27.16,27.01,26.82,27.23,0,0,218.0,12,12.69461977453483,2014,33941670,0.6422783557791941
103,2015-01-31,24.458023194343813,24.690331397518037,24.6771364847819,25.385139065404093,29.582720172020696,28.84825854147634,28.585771115620933,29.333351289072343,19.3333259244119,20.53240446890554,20.76850201288859,10.2493942476088,8.3158540725708,7.81726910273234,7.896424662682318,8.140331427256266,7.067995255993258,2.433534527271985,68.48564,78.19255,81.24993,88.4381,88.250175,90.1776,27.05,27.31,27.46,27.16,27.01,26.82,0,0,130.0,1,12.915336772112147,2015,34109100,0.3811299623854045
104,2015-02-28,25.376638855252946,24.458023194343813,24.690331397518037,24.6771364847819,30.93560402733939,29.582720172020696,28.84825854147634,28.585771115620933,19.817673649106705,19.3333259244119,20.53240446890554,11.117930378232684,10.2493942476088,8.3158540725708,7.81726910273234,7.896424662682318,8.140331427256266,6.051038601696491,63.223583,68.48564,78.19255,81.24993,88.4381,88.250175,27.17,27.05,27.31,27.46,27.16,27.01,0,0,75.0,2,13.663140156527664,2015,34109100,0.2198826706069641
105,2015-03-31,26.895882606506348,25.376638855252946,24.458023194343813,24.690331397518037,32.10595626215781,30.93560402733939,29.582720172020696,28.84825854147634,21.68580888932751,19.817673649106705,19.3333259244119,10.420147372830298,11.117930378232684,10.2493942476088,8.3158540725708,7.81726910273234,7.896424662682318,51.814790368676185,72.93823,63.223583,68.48564,78.19255,81.24993,88.4381,27.75,27.17,27.05,27.31,27.46,27.16,0,0,99.0,3,13.6488150979084,2015,34109100,0.29024512520119267
106,2015-04-30,26.92606569925944,26.895882606506348,25.376638855252946,24.458023194343813,31.770399697621663,32.10595626215781,30.93560402733939,29.582720172020696,22.081731923421223,21.68580888932751,19.817673649106705,9.68866777420044,10.420147372830298,11.117930378232684,10.2493942476088,8.3158540725708,7.81726910273234,195.86545342862607,81.86333,72.93823,63.223583,68.48564,78.19255,81.24993,28.52,27.75,27.17,27.05,27.31,27.46,0,0,63.0,4,13.903230372032876,2015,34109100,0.18470144330984986
107,2015-05-31,26.70873737335205,26.92606569925944,26.895882606506348,25.376638855252946,30.85416664615754,31.770399697621663,32.10595626215781,30.93560402733939,22.563308069782877,22.081731923421223,21.68580888932751,8.290858576374669,9.68866777420044,10.420147372830298,11.117930378232684,10.2493942476088,8.3158540725708,204.53909625962376,87.04604,81.86333,72.93823,63.223583,68.48564,78.19255,28.85,28.52,27.75,27.17,27.05,27.31,0,0,255.0,5,12.924067476340015,2015,34109100,0.747601080063678
108,2015-06-30,25.71846431096395,26.70873737335205,26.92606569925944,26.895882606506348,29.484174950917563,30.85416664615754,31.770399697621663,32.10595626215781,21.952753639221196,22.563308069782877,22.081731923421223,7.531421311696371,8.290858576374669,9.68866777420044,10.420147372830298,11.117930378232684,10.2493942476088,525.7360292477906,90.115974,87.04604,81.86333,72.93823,63.223583,68.48564,28.9,28.85,28.52,27.75,27.17,27.05,15,11,922.0,6,11.45368360781143,2015,34109100,2.7030909639949456
109,2015-07-31,25.61476227544969,25.71846431096395,26.70873737335205,26.92606569925944,29.522505329501243,29.484174950917563,30.85416664615754,31.770399697621663,21.707019252161825,21.952753639221196,22.563308069782877,7.815486077339418,7.531421311696371,8.290858576374669,9.68866777420044,10.420147372830298,11.117930378232684,312.2425211814046,89.075195,90.115974,87.04604,81.86333,72.93823,63.223583,28.75,28.9,28.85,28.52,27.75,27.17,3,0,844.0,7,11.426232802075429,2015,34109100,2.474412986563703
110,2015-08-31,25.927597599644816,25.61476227544969,25.71846431096395,26.70873737335205,29.99296800551876,29.522505329501243,29.484174950917563,30.85416664615754,21.86222731682562,21.707019252161825,21.952753639221196,8.13074068869314,7.815486077339418,7.531421311696371,8.290858576374669,9.68866777420044,10.420147372830298,227.419480021745,87.28997,89.075195,90.115974,87.04604,81.86333,72.93823,28.79,28.75,28.9,28.85,28.52,27.75,0,0,514.0,8,11.62536602233799,2015,34109100,1.5069292358930608
111,2015-09-30,26.18645788828532,25.927597599644816,25.61476227544969,25.71846431096395,30.47049681345622,29.99296800551876,29.522505329501243,29.484174950917563,21.90241902669271,21.86222731682562,21.707019252161825,8.568077786763508,8.13074068869314,7.815486077339418,7.531421311696371,8.290858576374669,9.68866777420044,242.992648563534,86.98705,87.28997,89.075195,90.115974,87.04604,81.86333,28.93,28.79,28.75,28.9,28.85,28.52,9,0,294.0,9,12.577583538105367,2015,34109100,0.8619400687792994
112,2015-10-31,25.729881809603786,26.18645788828532,25.927597599644816,25.61476227544969,29.81329514903407,30.47049681345622,29.99296800551876,29.522505329501243,21.646468654755623,21.90241902669271,21.86222731682562,8.166826494278446,8.568077786763508,8.13074068869314,7.815486077339418,7.531421311696371,8.290858576374669,247.3713546545804,86.25635,86.98705,87.28997,89.075195,90.115974,87.04604,29.08,28.93,28.79,28.75,28.9,28.85,0,0,285.0,10,12.681705676714367,2015,34109100,0.8355541483064637
113,2015-11-30,24.86360645294189,25.729881809603786,26.18645788828532,25.927597599644816,28.5414408047994,29.81329514903407,30.47049681345622,29.99296800551876,21.185772037506105,21.646468654755623,21.90241902669271,7.355668767293294,8.166826494278446,8.568077786763508,8.13074068869314,7.815486077339418,7.531421311696371,229.6463200289011,84.70249,86.25635,86.98705,87.28997,89.075195,90.115974,29.42,29.08,28.93,28.79,28.75,28.9,0,0,293.0,11,12.370196219142379,2015,34109100,0.8590082998378731
114,2015-12-31,25.078524712593325,24.86360645294189,25.729881809603786,26.18645788828532,29.22601499865132,28.5414408047994,29.81329514903407,30.47049681345622,20.93103421118952,21.185772037506105,21.646468654755623,8.294980787461803,7.355668767293294,8.166826494278446,8.568077786763508,8.13074068869314,7.815486077339418,81.81480980053544,77.93541,84.70249,86.25635,86.98705,87.28997,89.075195,29.26,29.42,29.08,28.93,28.79,28.75,0,0,340.0,12,12.118226673069907,2015,34109100,0.996801440084904
115,2016-01-31,25.091405991585024,25.078524712593325,24.86360645294189,25.729881809603786,30.27895361377347,29.22601499865132,28.5414408047994,29.81329514903407,19.903858477069484,20.93103421118952,21.185772037506105,10.375095136703983,8.294980787461803,7.355668767293294,8.166826494278446,8.568077786763508,8.13074068869314,3.44318919673562,63.70125,77.93541,84.70249,86.25635,86.98705,87.28997,29.11,29.26,29.42,29.08,28.93,28.79,0,0,241.0,1,12.566172156730122,2016,34279669,0.7030406273759527
116,2016-02-29,26.44886036576896,25.091405991585024,25.078524712593325,24.86360645294189,31.91946611733272,30.27895361377347,29.22601499865132,28.5414408047994,20.978254614205195,19.903858477069484,20.93103421118952,10.941211503127526,10.375095136703983,8.294980787461803,7.355668767293294,8.166826494278446,8.568077786763508,10.955682787001134,65.76685,63.70125,77.93541,84.70249,86.25635,86.98705,29.01,29.11,29.26,29.42,29.08,28.93,0,0,318.0,2,13.462086740715767,2016,34279669,0.9276635664130829
117,2016-03-31,28.219925542031564,26.44886036576896,25.091405991585024,25.078524712593325,33.749381711406095,31.91946611733272,30.27895361377347,29.22601499865132,22.690469526475475,20.978254614205195,19.903858477069484,11.058912184930616,10.941211503127526,10.375095136703983,8.294980787461803,7.355668767293294,8.166826494278446,21.456783347725867,71.006424,65.76685,63.70125,77.93541,84.70249,86.25635,28.9,29.01,29.11,29.26,29.42,29.08,0,0,200.0,3,13.234027364111945,2016,34279669,0.5834362052912471
118,2016-04-30,29.360673491160075,28.219925542031564,26.44886036576896,25.091405991585024,34.524148337046306,33.749381711406095,31.91946611733272,30.27895361377347,24.19719829559326,22.690469526475475,20.978254614205195,10.326950041453044,11.058912184930616,10.941211503127526,10.375095136703983,8.294980787461803,7.355668767293294,34.283809534311295,75.988914,71.006424,65.76685,63.70125,77.93541,84.70249,28.72,28.9,29.01,29.11,29.26,29.42,0,0,222.0,4,13.220481840727885,2016,34279669,0.6476141878732843
119,2016-05-31,27.6545962056806,29.360673491160075,28.219925542031564,26.44886036576896,32.27144105972782,34.524148337046306,33.749381711406095,31.91946611733272,23.03775135163338,24.19719829559326,22.690469526475475,9.233689708094444,10.326950041453044,11.058912184930616,10.941211503127526,10.375095136703983,8.294980787461803,213.9365959136188,84.26621,75.988914,71.006424,65.76685,63.70125,77.93541,28.23,28.72,28.9,29.01,29.11,29.26,0,0,639.0,5,11.868046955176785,2016,34279669,1.8640786759055346
120,2016-06-30,25.301057243347167,27.6545962056806,29.360673491160075,28.219925542031564,28.88865000406901,32.27144105972782,34.524148337046306,33.749381711406095,21.71346435546875,23.03775135163338,24.19719829559326,7.1751856486002605,9.233689708094444,10.326950041453044,11.058912184930616,10.941211503127526,10.375095136703983,464.0393217523396,91.66547,84.26621,75.988914,71.006424,65.76685,63.70125,27.69,28.23,28.72,28.9,29.01,29.11,0,0,1290.0,6,10.30933687523305,2016,34279669,3.763163524128544
121,2016-07-31,25.15344170601137,25.301057243347167,27.6545962056806,29.360673491160075,28.80730404392365,28.88865000406901,32.27144105972782,34.524148337046306,21.499579306571714,21.71346435546875,23.03775135163338,7.307724737351941,7.1751856486002605,9.233689708094444,10.326950041453044,11.058912184930616,10.941211503127526,369.8883870226145,89.55759,91.66547,84.26621,75.988914,71.006424,65.76685,26.82,27.69,28.23,28.72,28.9,29.01,11,8,1264.0,7,9.415530581226184,2016,34279669,3.687316817440682
122,2016-08-31,25.703524220374323,25.15344170601137,25.301057243347167,27.6545962056806,29.664082927088582,28.80730404392365,28.88865000406901,32.27144105972782,21.74296551366006,21.499579306571714,21.71346435546875,7.921117413428522,7.307724737351941,7.1751856486002605,9.233689708094444,10.326950041453044,11.058912184930616,204.3656131824851,88.07879,89.55759,91.66547,84.26621,75.988914,71.006424,26.28,26.82,27.69,28.23,28.72,28.9,0,5,1210.0,8,10.783246283299905,2016,34279669,3.5297890420120455
123,2016-09-30,25.687071005503338,25.703524220374323,25.15344170601137,25.301057243347167,29.855200862884523,29.664082927088582,28.80730404392365,28.88865000406901,21.518941020965578,21.74296551366006,21.499579306571714,8.336259841918945,7.921117413428522,7.307724737351941,7.1751856486002605,9.233689708094444,10.326950041453044,81.69180133119225,87.28269,88.07879,89.55759,91.66547,84.26621,75.988914,26.14,26.28,26.82,27.69,28.23,28.72,0,0,646.0,9,13.001958592900513,2016,34279669,1.8844989430907284
124,2016-10-31,25.93710800909227,25.687071005503338,25.703524220374323,25.15344170601137,30.346640494561964,29.855200862884523,29.664082927088582,28.80730404392365,21.527575369804136,21.518941020965578,21.74296551366006,8.819065124757829,8.336259841918945,7.921117413428522,7.307724737351941,7.1751856486002605,9.233689708094444,102.17052248984577,85.35285,87.28269,88.07879,89.55759,91.66547,84.26621,25.98,26.14,26.28,26.82,27.69,28.23,0,0,468.0,10,13.155441066018598,2016,34279669,1.3652407203815182
125,2016-11-30,25.47581443786621,25.93710800909227,25.687071005503338,25.703524220374323,30.064563592274983,30.346640494561964,29.855200862884523,29.664082927088582,20.88706556955973,21.527575369804136,21.518941020965578,9.17749802271525,8.819065124757829,8.336259841918945,7.921117413428522,7.307724737351941,7.1751856486002605,55.43629263490438,79.20254,85.35285,87.28269,88.07879,89.55759,91.66547,25.94,25.98,26.14,26.28,26.82,27.69,0,0,341.0,11,12.592531277218932,2016,34279669,0.9947587300215763
126,2016-12-31,25.01243539010325,25.47581443786621,25.93710800909227,25.687071005503338,29.89957301847396,30.064563592274983,30.346640494561964,29.855200862884523,20.12529770020516,20.88706556955973,21.527575369804136,9.774275318268806,9.17749802271525,8.819065124757829,8.336259841918945,7.921117413428522,7.307724737351941,28.596125760674475,74.10369,79.20254,85.35285,87.28269,88.07879,89.55759,26.1,25.94,25.98,26.14,26.28,26.82,0,0,379.0,12,12.609013470493812,2016,34279669,1.1056116090269132
127,2017-01-31,24.81720610587828,25.01243539010325,25.47581443786621,25.93710800909227,30.08053841129426,29.89957301847396,30.064563592274983,30.346640494561964,19.55387375431676,20.12529770020516,20.88706556955973,10.5266646569775,9.774275318268806,9.17749802271525,8.819065124757829,8.336259841918945,7.921117413428522,15.374529829025269,66.53511,74.10369,79.20254,85.35285,87.28269,88.07879,26.12,26.1,25.94,25.98,26.14,26.28,0,0,241.0,1,12.360846926319311,2017,34453369,0.699496179894628
128,2017-02-28,25.5809155191694,24.81720610587828,25.01243539010325,25.47581443786621,31.41788145474025,30.08053841129426,29.89957301847396,30.064563592274983,19.74394941329956,19.55387375431676,20.12529770020516,11.673932041440692,10.5266646569775,9.774275318268806,9.17749802271525,8.819065124757829,8.336259841918945,0.2810101756453512,62.466965,66.53511,74.10369,79.20254,85.35285,87.28269,26.67,26.12,26.1,25.94,25.98,26.14,0,0,318.0,2,12.82256885521608,2017,34453369,0.9229866606078494
129,2017-03-31,27.203766053722752,25.5809155191694,24.81720610587828,25.01243539010325,32.372014630225394,31.41788145474025,30.08053841129426,29.89957301847396,22.03551741569273,19.74394941329956,19.55387375431676,10.336497214532669,11.673932041440692,10.5266646569775,9.774275318268806,9.17749802271525,8.819065124757829,89.84395293310284,75.5198,62.466965,66.53511,74.10369,79.20254,85.35285,27.32,26.67,26.12,26.1,25.94,25.98,0,0,200.0,3,13.303743269174676,2017,34453369,0.5804947550992763
130,2017-04-30,28.783059565226235,27.203766053722752,25.5809155191694,24.81720610587828,33.988980293273926,32.372014630225394,31.41788145474025,30.08053841129426,23.57713861465454,22.03551741569273,19.74394941329956,10.411841678619384,10.336497214532669,11.673932041440692,10.5266646569775,9.774275318268806,9.17749802271525,57.816576857268814,81.04257,75.5198,62.466965,66.53511,74.10369,79.20254,28.03,27.32,26.67,26.12,26.1,25.94,0,0,222.0,4,13.511837762780942,2017,34453369,0.6443491781601968
131,2017-05-31,27.584903347876764,28.783059565226235,27.203766053722752,25.5809155191694,32.25774589661629,33.988980293273926,32.372014630225394,31.41788145474025,22.91206095295568,23.57713861465454,22.03551741569273,9.345684943660611,10.411841678619384,10.336497214532669,11.673932041440692,10.5266646569775,9.774275318268806,190.97607444167136,85.584854,81.04257,75.5198,62.466965,66.53511,74.10369,28.3,28.03,27.32,26.67,26.12,26.1,0,0,639.0,5,12.715875779646067,2017,34453369,1.854680742542188
132,2017-06-30,25.681536928812665,27.584903347876764,28.783059565226235,27.203766053722752,29.316302871704103,32.25774589661629,33.988980293273926,32.372014630225394,22.046771081288657,22.91206095295568,23.57713861465454,7.269531790415446,9.345684943660611,10.411841678619384,10.336497214532669,11.673932041440692,10.5266646569775,445.2097295466065,91.281425,85.584854,81.04257,75.5198,62.466965,66.53511,28.06,28.3,28.03,27.32,26.67,26.12,7,0,1290.0,6,11.176738028466785,2017,34453369,3.744191170390333
133,2017-07-31,25.768207734630955,25.681536928812665,27.584903347876764,28.783059565226235,29.683473187108195,29.316302871704103,32.25774589661629,33.988980293273926,21.852942251390026,22.046771081288657,22.91206095295568,7.830530935718167,7.269531790415446,9.345684943660611,10.411841678619384,10.336497214532669,11.673932041440692,305.69523609891536,88.308495,91.281425,85.584854,81.04257,75.5198,62.466965,27.54,28.06,28.3,28.03,27.32,26.67,6,11,1264.0,7,9.8579754953402,2017,34453369,3.6687268522274263
134,2017-08-31,25.231533511992424,25.768207734630955,25.681536928812665,27.584903347876764,28.723522893844116,29.683473187108195,29.316302871704103,32.25774589661629,21.7395444685413,21.852942251390026,22.046771081288657,6.983978425302813,7.830530935718167,7.269531790415446,9.345684943660611,10.411841678619384,10.336497214532669,413.1023751191795,90.40347,88.308495,91.281425,85.584854,81.04257,75.5198,26.7,27.54,28.06,28.3,28.03,27.32,0,3,1210.0,8,10.84315756409043,2017,34453369,3.511993268350622
135,2017-09-30,25.43758567174276,25.231533511992424,25.768207734630955,25.681536928812665,29.169807052612303,28.723522893844116,29.683473187108195,29.316302871704103,21.70536429087321,21.7395444685413,21.852942251390026,7.464442761739095,6.983978425302813,7.830530935718167,7.269531790415446,9.345684943660611,10.411841678619384,410.2414909271896,89.0248,90.40347,88.308495,91.281425,85.584854,81.04257,26.29,26.7,27.54,28.06,28.3,28.03,15,0,646.0,9,12.614562141177762,2017,34453369,1.8749980589706625
136,2017-10-31,25.76808874068721,25.43758567174276,25.231533511992424,25.768207734630955,29.797558015392674,29.169807052612303,28.723522893844116,29.683473187108195,21.73861921987226,21.70536429087321,21.7395444685413,8.058938795520413,7.464442761739095,6.983978425302813,7.830530935718167,7.269531790415446,9.345684943660611,192.2057827620208,86.32414,89.0248,90.40347,88.308495,91.281425,85.584854,26.15,26.29,26.7,27.54,28.06,28.3,0,0,468.0,10,12.527942418940578,2017,34453369,1.3583577269323066
137,2017-11-30,25.25334898630778,25.76808874068721,25.43758567174276,25.231533511992424,29.28835201263428,29.797558015392674,29.169807052612303,28.723522893844116,21.21834576924642,21.73861921987226,21.70536429087321,8.070006243387859,8.058938795520413,7.464442761739095,6.983978425302813,7.830530935718167,7.269531790415446,122.63399208068849,81.469215,86.32414,89.0248,90.40347,88.308495,91.281425,25.74,26.15,26.29,26.7,27.54,28.06,0,0,341.0,11,13.074021161042069,2017,34453369,0.9897435574442661
138,2017-12-31,24.67144529281124,25.25334898630778,25.76808874068721,25.43758567174276,29.244579561295048,29.28835201263428,29.797558015392674,29.169807052612303,20.098310962800056,21.21834576924642,21.73861921987226,9.146268598494991,8.070006243387859,8.058938795520413,7.464442761739095,6.983978425302813,7.830530935718167,76.62076503559948,72.82565,81.469215,86.32414,89.0248,90.40347,88.308495,25.62,25.74,26.15,26.29,26.7,27.54,0,0,379.0,12,12.861598317466093,2017,34453369,1.1000375609131285
139,2018-01-31,24.41204590951243,24.67144529281124,25.25334898630778,25.76808874068721,29.78430717222152,29.244579561295048,29.28835201263428,29.797558015392674,19.03978450836674,20.098310962800056,21.21834576924642,10.744522663854784,9.146268598494991,8.070006243387859,8.058938795520413,7.464442761739095,6.983978425302813,2.0828926666080947,66.36174,72.82565,81.469215,86.32414,89.0248,90.40347,25.57,25.62,25.74,26.15,26.29,26.7,0,0,167.0,1,12.52806093406855,2018,34279669,0.4871692314181913
140,2018-02-28,25.577517986297607,24.41204590951243,24.67144529281124,25.25334898630778,31.2667464188167,29.78430717222152,29.244579561295048,29.28835201263428,19.8882897240775,19.03978450836674,20.098310962800056,11.378456694739205,10.744522663854784,9.146268598494991,8.070006243387859,8.058938795520413,7.464442761739095,18.782160937190056,62.956688,66.36174,72.82565,81.469215,86.32414,89.0248,25.97,25.57,25.62,25.74,26.15,26.29,0,0,95.0,2,13.051366142521676,2018,34279669,0.2771321975133424
141,2018-03-31,26.98254523738738,25.577517986297607,24.41204590951243,24.67144529281124,32.35377330164756,31.2667464188167,29.78430717222152,29.244579561295048,21.61131748076408,19.8882897240775,19.03978450836674,10.742455820883476,11.378456694739205,10.744522663854784,9.146268598494991,8.070006243387859,8.058938795520413,54.960645203292366,70.296234,62.956688,66.36174,72.82565,81.469215,86.32414,26.48,25.97,25.57,25.62,25.74,26.15,0,0,72.0,3,13.669323439742142,2018,34279669,0.21003703390484896
142,2018-04-30,27.75758390426636,26.98254523738738,25.577517986297607,24.41204590951243,32.88087250391642,32.35377330164756,31.2667464188167,29.78430717222152,22.63429517745972,21.61131748076408,19.8882897240775,10.246577326456704,10.742455820883476,11.378456694739205,10.744522663854784,9.146268598494991,8.070006243387859,114.1225470867753,78.63807,70.296234,62.956688,66.36174,72.82565,81.469215,27.31,26.48,25.97,25.57,25.62,25.74,0,0,73.0,4,13.954142368203975,2018,34279669,0.2129542149313052
143,2018-05-31,26.425403564207016,27.75758390426636,26.98254523738738,25.577517986297607,30.83194271210701,32.88087250391642,32.35377330164756,31.2667464188167,22.01886481623496,22.63429517745972,21.61131748076408,8.813077895872054,10.246577326456704,10.742455820883476,11.378456694739205,10.744522663854784,9.146268598494991,310.92811461418864,86.01572,78.63807,70.296234,62.956688,66.36174,72.82565,27.73,27.31,26.48,25.97,25.57,25.62,0,0,441.0,5,12.719310850711585,2018,34279669,1.2864768326671998
144,2018-06-30,25.17128791809082,26.425403564207016,27.75758390426636,26.98254523738738,28.625652345021567,30.83194271210701,32.88087250391642,32.35377330164756,21.716923427581783,22.01886481623496,22.63429517745972,6.908728917439778,8.813077895872054,10.246577326456704,10.742455820883476,11.378456694739205,10.744522663854784,658.6919485983252,92.37292,86.01572,78.63807,70.296234,62.956688,66.36174,27.77,27.73,27.31,26.48,25.97,25.57,16,11,1454.0,6,11.375042619275154,2018,34279669,4.241581212467367
145,2018-07-31,24.724518129902503,25.17128791809082,26.425403564207016,27.75758390426636,28.184616211921934,28.625652345021567,30.83194271210701,32.88087250391642,21.26442026322888,21.716923427581783,22.01886481623496,6.92019594869306,6.908728917439778,8.813077895872054,10.246577326456704,10.742455820883476,11.378456694739205,791.8395215648413,90.7333,92.37292,86.01572,78.63807,70.296234,62.956688,27.42,27.77,27.73,27.31,26.48,25.97,11,15,779.0,7,10.695318662573975,2018,34279669,2.2724840196094074
146,2018-08-31,24.625235280682965,24.724518129902503,25.17128791809082,26.425403564207016,28.170136144084317,28.184616211921934,28.625652345021567,30.83194271210701,21.08033435575424,21.26442026322888,21.716923427581783,7.089801788330078,6.92019594869306,6.908728917439778,8.813077895872054,10.246577326456704,10.742455820883476,810.8258260789514,89.5194,90.7333,92.37292,86.01572,78.63807,70.296234,26.94,27.42,27.77,27.73,27.31,26.48,19,8,293.0,8,11.89019932437761,2018,34279669,0.854734040751677
147,2018-09-30,25.87932399113973,24.625235280682965,24.724518129902503,25.17128791809082,30.343039385477702,28.170136144084317,28.184616211921934,28.625652345021567,21.415608851114907,21.08033435575424,21.26442026322888,8.927430534362793,7.089801788330078,6.92019594869306,6.908728917439778,8.813077895872054,10.246577326456704,110.91376211181284,82.04915,89.5194,90.7333,92.37292,86.01572,78.63807,27.19,26.94,27.42,27.77,27.73,27.31,11,15,281.0,9,13.13678970427409,2018,34279669,0.8197278684342021
148,2018-10-31,25.31227751701109,25.87932399113973,24.625235280682965,24.724518129902503,29.459474286725445,30.343039385477702,28.170136144084317,28.184616211921934,21.16508074729673,21.415608851114907,21.08033435575424,8.294393539428711,8.927430534362793,7.089801788330078,6.92019594869306,6.908728917439778,8.813077895872054,284.1844795663655,84.36447,82.04915,89.5194,90.7333,92.37292,86.01572,27.62,27.19,26.94,27.42,27.77,27.73,0,0,183.0,10,13.611770095068913,2018,34279669,0.5338441278414912
149,2018-11-30,25.123203722635903,25.31227751701109,25.87932399113973,24.625235280682965,29.214015388488768,29.459474286725445,30.343039385477702,28.170136144084317,21.03239234288533,21.16508074729673,21.415608851114907,8.181623045603434,8.294393539428711,8.927430534362793,7.089801788330078,6.92019594869306,6.908728917439778,118.87385689273476,81.02927,84.36447,82.04915,89.5194,90.7333,92.37292,27.61,27.62,27.19,26.94,27.42,27.77,0,0,138.0,11,13.719632732036724,2018,34279669,0.4025709816509605
150,2018-12-31,25.295430737157023,25.123203722635903,25.31227751701109,25.87932399113973,29.940254426771595,29.214015388488768,29.459474286725445,30.343039385477702,20.650607201360888,21.03239234288533,21.16508074729673,9.289647225410707,8.181623045603434,8.294393539428711,8.927430534362793,7.089801788330078,6.92019594869306,22.326226222366092,76.35252,81.02927,84.36447,82.04915,89.5194,90.7333,27.49,27.61,27.62,27.19,26.94,27.42,0,0,114.0,12,12.417761175762152,2018,34279669,0.33255863701601085
151,2019-01-31,24.353884789251516,25.295430737157023,25.123203722635903,25.31227751701109,30.066859922101425,29.940254426771595,29.214015388488768,29.459474286725445,18.242960611979168,20.650607201360888,21.03239234288533,11.80681521097819,9.289647225410707,8.181623045603434,8.294393539428711,8.927430534362793,7.089801788330078,0.9817317262291908,61.11374,76.35252,81.02927,84.36447,82.04915,89.5194,27.19,27.49,27.61,27.62,27.19,26.94,0,0,71.0,1,12.990365864174787,2019,34810183,0.203963305794744
152,2019-02-28,26.435088668550765,24.353884789251516,25.295430737157023,25.123203722635903,32.054241452898296,30.066859922101425,29.940254426771595,29.214015388488768,20.81593588420323,18.242960611979168,20.650607201360888,11.238305568695068,11.80681521097819,9.289647225410707,8.181623045603434,8.294393539428711,8.927430534362793,14.529258603602647,65.578766,61.11374,76.35252,81.02927,84.36447,82.04915,27.46,27.19,27.49,27.61,27.62,27.19,0,0,60.0,2,13.187103731679333,2019,34810183,0.17236335700964284
153,2019-03-31,27.87095642089844,26.435088668550765,24.353884789251516,25.295430737157023,33.651819905927105,32.054241452898296,30.066859922101425,29.940254426771595,22.09009293586977,20.81593588420323,18.242960611979168,11.561726970057334,11.238305568695068,11.80681521097819,9.289647225410707,8.181623045603434,8.294393539428711,15.965389066189529,69.258545,65.578766,61.11374,76.35252,81.02927,84.36447,28.09,27.46,27.19,27.49,27.61,27.62,0,0,57.0,3,13.007775764075218,2019,34810183,0.1637451891591607
154,2019-04-30,28.62904233932495,27.87095642089844,26.435088668550765,24.353884789251516,34.099356396993,33.651819905927105,32.054241452898296,30.066859922101425,23.15872844060262,22.09009293586977,20.81593588420323,10.94062795639038,11.561726970057334,11.238305568695068,11.80681521097819,9.289647225410707,8.181623045603434,96.80250240251422,77.238556,69.258545,65.578766,61.11374,76.35252,81.02927,28.44,28.09,27.46,27.19,27.49,27.61,0,0,64.0,4,14.018813055356114,2019,34810183,0.18385424747695236
155,2019-05-31,28.428571454940304,28.62904233932495,27.87095642089844,26.435088668550765,33.40720952351888,34.099356396993,33.651819905927105,32.054241452898296,23.7294675765499,23.15872844060262,22.09009293586977,9.711481348673503,10.94062795639038,11.561726970057334,11.238305568695068,11.80681521097819,9.289647225410707,62.82905023097992,81.81446,77.238556,69.258545,65.578766,61.11374,76.35252,28.48,28.44,28.09,27.46,27.19,27.49,0,0,146.0,5,11.881047801230226,2019,34810183,0.41941750205679756
156,2019-06-30,26.685103511810304,28.428571454940304,28.62904233932495,27.87095642089844,30.65685536066691,33.40720952351888,34.099356396993,33.651819905927105,22.713351440429687,23.7294675765499,23.15872844060262,7.943503920237223,9.711481348673503,10.94062795639038,11.561726970057334,11.238305568695068,11.80681521097819,266.67829525649546,88.55615,81.81446,77.238556,69.258545,65.578766,61.11374,28.18,28.48,28.44,28.09,27.46,27.19,12,0,417.0,6,10.599353646253551,2019,34810183,1.1979253312170177
157,2019-07-31,25.47956543584024,26.685103511810304,28.428571454940304,28.62904233932495,29.143716719842725,30.65685536066691,33.40720952351888,34.099356396993,21.815414428710938,22.713351440429687,23.7294675765499,7.328302291131789,7.943503920237223,9.711481348673503,10.94062795639038,11.561726970057334,11.238305568695068,456.9527552254498,89.13601,88.55615,81.81446,77.238556,69.258545,65.578766,27.64,28.18,28.48,28.44,28.09,27.46,0,18,850.0,7,9.979422191214704,2019,34810183,2.4418142243032737
158,2019-08-31,24.866787941225112,25.47956543584024,26.685103511810304,28.428571454940304,28.270742662491337,29.143716719842725,30.65685536066691,33.40720952351888,21.462833281486265,21.815414428710938,22.713351440429687,6.807909381005072,7.328302291131789,7.943503920237223,9.711481348673503,10.94062795639038,11.561726970057334,925.4273397959768,92.13944,89.13601,88.55615,81.81446,77.238556,69.258545,26.9,27.64,28.18,28.48,28.44,28.09,19,8,681.0,8,10.139742742550018,2019,34810183,1.9563241020594462
159,2019-09-30,25.61110391616821,24.866787941225112,25.47956543584024,26.685103511810304,29.328722031911216,28.270742662491337,29.143716719842725,30.65685536066691,21.89348554611206,21.462833281486265,21.815414428710938,7.4352364857991535,6.807909381005072,7.328302291131789,7.943503920237223,9.711481348673503,10.94062795639038,427.3106992985309,88.98262,92.13944,89.13601,88.55615,81.81446,77.238556,26.75,26.9,27.64,28.18,28.48,28.44,0,14,534.0,9,11.647229362463493,2019,34810183,1.534033877385821
160,2019-10-31,25.17709433647894,25.61110391616821,24.866787941225112,25.47956543584024,28.94208683506135,29.328722031911216,28.270742662491337,29.143716719842725,21.41210183789653,21.89348554611206,21.462833281486265,7.529984997164819,7.4352364857991535,6.807909381005072,7.328302291131789,7.943503920237223,9.711481348673503,417.11875378102064,87.85156,88.98262,92.13944,89.13601,88.55615,81.81446,27.2,26.75,26.9,27.64,28.18,28.48,0,0,605.0,10,12.818745679619262,2019,34810183,1.7379971831805654
161,2019-11-30,25.47117369969686,25.17709433647894,25.61110391616821,24.866787941225112,29.616683546702067,28.94208683506135,29.328722031911216,28.270742662491337,21.32566391626994,21.41210183789653,21.89348554611206,8.291019630432128,7.529984997164819,7.4352364857991535,6.807909381005072,7.328302291131789,7.943503920237223,122.31286893174052,81.94203,87.85156,88.98262,92.13944,89.13601,88.55615,27.22,27.2,26.75,26.9,27.64,28.18,0,0,571.0,11,13.458682228319665,2019,34810183,1.6403246142084345
162,2019-12-31,24.86096400599326,25.47117369969686,25.17709433647894,25.61110391616821,28.88063092385569,29.616683546702067,28.94208683506135,29.328722031911216,20.84129699583977,21.32566391626994,21.41210183789653,8.039333928015925,8.291019630432128,7.529984997164819,7.4352364857991535,6.807909381005072,7.328302291131789,38.334451314657926,74.84738,81.94203,87.85156,88.98262,92.13944,89.13601,27.12,27.22,27.2,26.75,26.9,27.64,0,0,595.0,12,12.685394554859775,2019,34810183,1.7092699570122916
