field,substantive_field,pmcid,doi,year,title,frequency,n,n_derived,lag_min,lag_max,direction,K,L,full_count,L_over_n,full_over_n,class_L,class_full,sig_claim,test_used,corrected,uncorrected_claim,quote_n,quote_lag,notes
EPI,epi,PMC13299343,10.3390/idr18030055,2026,Climate Variability Drives Dengue Transmission in Bangladesh.,monthly,144,y,0,3,one-sided,3,3,4,0.0208,0.0278,c,b,y,"CCF with p<0.05 marks, no prewhitening",n,y,Results The descriptive statistics of dengue incidence and related climate factors of the eight divisions of Bangladesh from 2014 to 2025 ... Data were aggregated to monthly counts at the division level.,"The lag times ranged from 0 to 3 months, reflecting the biologically plausible delays ...",n = 12 years x 12 months per division series.
EPI,epi,PMC13371377,10.1186/s12879-026-13643-6,2026,Climate variability and dengue incidence in southern Ecuador: an ecological analysis in two contrasting climatic settings (2019-2024).,weekly,52,y,0,16,one-sided,16,4,5,0.0769,0.0962,a,a,y,Spearman/Pearson p<0.05 per lag,n,y,"Table 3 Association between maximum temperature and dengue incidence by canton, year, and lag ... lag structures within the same calendar year","Spearman correlation across lag structures from 0 to 16 weeks ... operationalized as discrete intervals of 0, 4, 8, 12, and 16 weeks.",Scan is 5 discrete lags per canton-year; L counts the 4 nonzero lags searched (K=16 weeks). n<=52 per canton-year (derived).
EPI,epi,PMC12677548,10.1371/journal.pgph.0005598,2025,"Spatiotemporal co-distribution and time lagged cross correlation of malaria and dengue in Loreto, Peru.",weekly,1096,y,-104,104,symmetric,104,104,209,0.0949,0.1907,a,a,y,lag-52 differencing; 999-reshuffle permutation + K-S on distribution of optimal lags,y,n,time-lagged cross-correlation (TLCC) analysis between district-level dengue and malaria time series in Loreto between 2000-2021 ... we applied a lag-52 difference to each weekly time series,We assessed lags in a time window of +/-2 years (104 weeks),n = 1148 weeks minus 52 lost to seasonal differencing.
EPI,epi,PMC12851297,10.1016/j.joclim.2025.100546,2025,Climatic thresholds associated with increased dengue incidence across climate zones in Peru (2001-2022).,weekly,1148,y,0,20,one-sided,20,20,21,0.0174,0.0183,c,c,y,95% confidence level per lag,n,y,weekly dengue cases ... by district from 2001 to 2022,The cross-correlation between incidence rates and climate series was assessed over a range of lags from 0 to 20 weeks.,Station series may be shorter than 22 years; longest window used (favourable).
EPI,epi,PMC13551350,10.1111/irv.70313,2026,Assessing the Utility of Over-The-Counter Medication to Track Influenza Season Timing in a South African Population.,weekly,52,y,-8,8,symmetric,8,8,17,0.1538,0.3269,a,a,n,none on lag (descriptive peak CCF; CI on mean peak),na,n,FIGURE 4 Cross-correlation between OTC respiratory medication sales and influenza detections by province and year,Cross-correlations were estimated over lag periods ranging from -8 to +8 weeks.,CCF computed per province-year (n about 52 weekly points).
EPI,epi,PMC12922325,10.1186/s12936-026-05824-0,2026,"Climate variability and malaria incidence trends in Yumbe District, West Nile Sub-region of Uganda (2017-2021).",monthly,60,y,0,3,one-sided,3,3,4,0.05,0.0667,b,a,y,p<0.05 on highest correlation,n,y,association between climate variability and malaria incidence in Yumbe district ... over a five-year period (2017 to 2021),"lags of 0, 1, 2, and 3 months were tested ... The lag with the highest significant correlation coefficient (p < 0.05) was selected",
EPI,epi,PMC13183819,10.3389/fmed.2026.1820896,2026,"Analysis of influenza surveillance results in Sichuan Province in China, 2023-2025.",weekly,156,y,-8,8,symmetric,8,8,17,0.0513,0.109,a,a,y,p<0.05 on largest significant CCF,n,y,"from January 1, 2023, to December 31, 2025 ... unprocessed weekly surveillance data","The ideal lag time is determined by an iterative search within a cautious 8-week frame, selecting the time shift that produces the largest statistically significant positive cross-correlation coefficient with p < 0.05.","Direction read as +/-8 (""leading or lagging""); one-sided reading gives L=8, full 9: same class."
EPI,epi,PMC12830810,10.1038/s41598-025-33072-w,2025,Nationwide population-level influenza cycle threshold values and trends in influenza incidence: a longitudinal study.,weekly,52,y,1,10,one-sided,10,10,10,0.1923,0.1923,a,a,y,p-value on lag-4 r after first differencing; no selection correction,n,y,"national influenza surveillance data from Iran between March 21, 2023, and March 19, 2024",Table 3 Pearson correlation between D_ln_Ct and lagged influenza incidence (lags 1-10).,
EPI,epi,PMC13483624,10.1186/s12879-026-14153-1,2026,SALGINTR: development and early evaluation of a low-cost cloud-based digital participatory surveillance system for influenza-like Illness among physicians in Türkiye - a proof of concept.,weekly,13,n,-3,3,symmetric,3,3,7,0.2308,0.5385,a,a,n,moving-block bootstrap CI for peak lag,y,n,across the first 13 epidemiological weeks of the 2025-26 influenza season,Lead-lag structure was examined by cross-correlation at lags of +/- 1-3 weeks,Authors declared the peak lag not identifiable (bootstrap CI -2 to +2).
EPI,epi,PMC12586018,10.3389/fpubh.2025.1662775,2025,"Improving influenza prediction in Quanzhou, China: an ARIMAX model integrated with meteorological drivers.",weekly,417,y,0,3,one-sided (assumed),3,3,4,0.0072,0.0096,c,c,unclear,not stated,unclear,n,CCF analysis was conducted on the training set (2016-2023),with a maximum lag constraint of 3 weeks,
EPI,epi,PMC13266879,10.21037/jtd-2025-1-2454,2026,"Monitoring pneumonia onset and severe respiratory infectious diseases using quantitative computed tomography, validation amidst the coronavirus disease 2019 outbreak at the end of 2022 in the Chinese mainland.",weekly,52,y,-3,3,symmetric,3,3,7,0.0577,0.1346,a,a,y,P<0.001 on peak lag,n,y,"between week 27, 2022 (July 4, 2022) and week 26, 2023 (July 2, 2023)",Table 5 ... -3 weeks -2 weeks -1 week 0 week 1 week 2 weeks 3 weeks,
EPI,epi,PMC11219297,10.46234/ccdcw2024.084,2024,"Exploring the Lagged Correlation Between Baidu Index and Influenza-Like Illness - China, 2014-2019.",daily (spline-interpolated from weekly),1826,y,-14,14,symmetric,14,14,29,0.0077,0.0159,c,c,y,"""significant"" (test not stated)",n,y,spanning from April 2014 to March 2019 ... a cubic spline function was employed to interpolate weekly ILI%,a maximum lag period of +/-14 days was determined.,Effective weekly n about 260 with +/-2 weeks: same ratio.
EPI,epi,PMC13582498,10.3389/fpubh.2026.1856514,2026,Fusing meteorological factors and baidu search index with an adapted deformtime model to predict influenza-like illness in Beijing.,weekly,313,y,-4,4,symmetric,4,4,9,0.0128,0.0288,c,b,y,seasonal differencing + two-stage BH-FDR,y,n,CCF analysis was conducted exclusively on the training set (2010-2016),CCF were computed over a lag range of -4 to +4 weeks.,n = 365 weeks minus 52 (seasonal differencing).
EPI,epi,PMC11121319,10.3390/ijerph21050558,2024,The Impact of Climatic Factors on Temporal Mosquito Distribution and Population Dynamics in an Area Targeted for Sterile Insect Technique Pilot Trials.,monthly,72,y,-3,3,symmetric,3,3,7,0.0417,0.0972,b,a,y,"""maximum significant positive correlations""; no prewhitening stated",n,y,mosquito density and climatic time series from 2014 to 2019,The climatic variables were lagged at 0 to 3 months before and after to determine the maximum significant positive correlations.,
CLIM,hydro,PMC12639167,10.1038/s41598-025-25396-4,2025,Integrated use of meteorological and hydrological indices for drought early warning in the mountainous catchments of the Himalaya-Karakorum-Hindukush region.,monthly (per calendar month across years),58,y,1,5,one-sided,5,5,5,0.0862,0.0862,a,a,n,none,na,n,historical streamflow data from January 1961 to December 2018 ... monthly cross-correlations are investigated to incorporate seasonality,Fig. 10 Heatmaps of lagged (1-5 months) monthly cross-correlations between SSI-3 and SPEI,UNCERTAIN n: read as one value per year per calendar month (n=58). If computed on the full monthly series (n=696) the class would be (c).
CLIM,atmos,PMC12340766,10.1021/acsestair.5c00126,2025,Effect of Long-Range Transported Aerosol on Urban Air Quality in Eastern Germany.,hourly (assumed; 30-min ACSM),192,y,-20,20,symmetric,20,20,41,0.1042,0.2135,a,a,n,none,na,n,Eastern-wind-period (7-14 February 2017),The analysis was performed using time lags from -20 to +20 h,L/n invariant to resolution: 20 h / 192 h.
CLIM,eco,PMC8145696,10.3390/e23050559,2021,The Vegetation-Climate System Complexity through Recurrence Analysis.,8-day composite,782,y,0,6,one-sided (assumed),6,6,7,0.0077,0.009,c,c,n,none,na,n,Study plots reflectance was monitored from 2002 to 2018 ... best pixel observation was chosen within eight days,The maximum number of lags to be analysed was six,n = 17 years x 46 composites.
CLIM,epi (leptospirosis),PMC7822256,10.1371/journal.pone.0245366,2021,"The interrelationship between meteorological parameters and leptospirosis incidence in Hambantota district, Sri Lanka 2008-2017 and practical implications.",weekly,522,y,-12,12,"symmetric (assumed, SPSS CCF)",12,12,25,0.023,0.0479,c,b,y,SPSS CCF significance bounds,n,y,We calculated weekly leptospirosis incidences for 2008 to 2017,We selected a 12-weeks limit,"UNCERTAIN n: CCF may have been run on aggregated 52-week climatology (then n=52, class a). Favourable reading used."
CLIM,epi (COVID-19),PMC8586838,10.1007/s11356-021-17268-x,2022,Effect of meteorological factors on the COVID-19 cases: a case study related to three major cities of the Kingdom of Saudi Arabia.,daily,136,y,0,3,one-sided,3,3,4,0.0221,0.0294,c,b,y,"""significant lagged variables""; no prewhitening",n,y,"from March 2 to July 15, 2020",Table 3 Cross-correlation coefficients ... Lag (days) 0 1 2 3,
FISH,marine eco,PMC12894980,10.1038/s41598-026-36897-1,2026,Climate-driven reproductive decline in Southern right whales.,annual,29,y,-10,0,one-sided,10,10,11,0.3448,0.3793,a,a,y,"approx. 95% bounds, no prewhitening",n,y,only data from 1996 to 2024 were analysed,The cross-correlation function (CCF) was used to examine lags from -10 to 0 years,
FISH,fisheries,PMC7364117,10.1016/j.dib.2020.106006,2020,"Airfreight data from Memanbetsu airport correlated to fish and scallop catch in okhotsk subprefecture, Hokkaido, Japan.",monthly,120,y,-17,17,symmetric,17,17,35,0.1417,0.2917,a,a,unclear,per-lag p<0.05 marks in figure,n,n,Data were gathered from 2009 to 2018.,a cross-correlation analysis with time-lagged series (-17 to +17) using the ccf command on R was performed,
